Nome;Sede;Campus;Modalidade;Coordenador
AGROECOLOGIA;ABAETETUBA;CABAE - CAMPUS UNIVERSITARIO DE ABAETETUBA;Presencial;RICARDO EDUARDO DE FREITAS MAIA
AGROECOLOGIA;ACAR?;CABAE - CAMPUS UNIVERSITARIO DE ABAETETUBA;Presencial;RICARDO EDUARDO DE FREITAS MAIA
AGROECOLOGIA;TOM?-A??;CABAE - CAMPUS UNIVERSITARIO DE ABAETETUBA;Presencial;RICARDO EDUARDO DE FREITAS MAIA
EDUCACAO DO CAMPO;ABAETETUBA;CABAE - CAMPUS UNIVERSITARIO DE ABAETETUBA;Presencial;JOSELINE SIMONE BARRETO TRINDADE
EDUCACAO DO CAMPO;ACAR?;CABAE - CAMPUS UNIVERSITARIO DE ABAETETUBA;Presencial;RONALDO LOPES DE SOUSA
EDUCACAO DO CAMPO;TOM?-A??;CABAE - CAMPUS UNIVERSITARIO DE ABAETETUBA;Presencial;RONALDO LOPES DE SOUSA
EDUCACAO DO CAMPO - INTENSIVO;ABAETETUBA;CABAE - CAMPUS UNIVERSITARIO DE ABAETETUBA;Presencial;
ENGENHARIA DE PRODUCAO;ABAETETUBA;CABAE - CAMPUS UNIVERSITARIO DE ABAETETUBA;Presencial;PAULO ROBERTO RIBEIRO MARQUES
ENGENHARIA DE PRODUCAO;BARCARENA;CABAE - CAMPUS UNIVERSITARIO DE ABAETETUBA;Presencial;PAULO ROBERTO RIBEIRO MARQUES
FISICA;ABAETETUBA;CABAE - CAMPUS UNIVERSITARIO DE ABAETETUBA;Presencial;MESSIAS DE SOUZA COSTA
FISICA;TUCURU?;CABAE - CAMPUS UNIVERSITARIO DE ABAETETUBA;Presencial;MESSIAS DE SOUZA COSTA
LETRAS - ESPANHOL;ABAETETUBA;CABAE - CAMPUS UNIVERSITARIO DE ABAETETUBA;Presencial;JOSE EDUARDO PASTANA SILVA
LETRAS - ESPANHOL - INTENSIVO;ABAETETUBA;CABAE - CAMPUS UNIVERSITARIO DE ABAETETUBA;Presencial;JOSE EDUARDO PASTANA SILVA
LETRAS - ESPANHOL - INTENSIVO;CAMET?;CABAE - CAMPUS UNIVERSITARIO DE ABAETETUBA;Presencial;JOSE EDUARDO PASTANA SILVA
LETRAS - ESPANHOL - INTENSIVO - ACAR?;ACAR?;CABAE - CAMPUS UNIVERSITARIO DE ABAETETUBA;Presencial;
LETRAS - PORTUGUES;ABAETETUBA;CABAE - CAMPUS UNIVERSITARIO DE ABAETETUBA;Presencial;JOSE EDUARDO PASTANA SILVA
LETRAS - PORTUGUES;IGARAP?-MIRI;CABAE - CAMPUS UNIVERSITARIO DE ABAETETUBA;Presencial;JOSE EDUARDO PASTANA SILVA
LETRAS - PORTUGUES;TOM?-A??;CABAE - CAMPUS UNIVERSITARIO DE ABAETETUBA;Presencial;JOSE EDUARDO PASTANA SILVA
LETRAS - PORTUGUES - INTENSIVO;ABAETETUBA;CABAE - CAMPUS UNIVERSITARIO DE ABAETETUBA;Presencial;JOSE EDUARDO PASTANA SILVA
LETRAS - PORTUGUES - INTENSIVO;ACAR?;CABAE - CAMPUS UNIVERSITARIO DE ABAETETUBA;Presencial;JOSE EDUARDO PASTANA SILVA
LETRAS - PORTUGUES - INTENSIVO;BARCARENA;CABAE - CAMPUS UNIVERSITARIO DE ABAETETUBA;Presencial;JOSE EDUARDO PASTANA SILVA
LETRAS - PORTUGUES - INTENSIVO;TOM?-A??;CABAE - CAMPUS UNIVERSITARIO DE ABAETETUBA;Presencial;JOSE EDUARDO PASTANA SILVA
MATEMATICA;ABAETETUBA;CABAE - CAMPUS UNIVERSITARIO DE ABAETETUBA;Presencial;AUBEDIR SEIXAS COSTA
MATEMATICA;TOM?-A??;CABAE - CAMPUS UNIVERSITARIO DE ABAETETUBA;Presencial;AUBEDIR SEIXAS COSTA
MATEMATICA - INTENSIVO;ABAETETUBA;CABAE - CAMPUS UNIVERSITARIO DE ABAETETUBA;Presencial;AUBEDIR SEIXAS COSTA
MATEMATICA - INTENSIVO;ACAR?;CABAE - CAMPUS UNIVERSITARIO DE ABAETETUBA;Presencial;AUBEDIR SEIXAS COSTA
MATEMATICA - INTENSIVO;BARCARENA;CABAE - CAMPUS UNIVERSITARIO DE ABAETETUBA;Presencial;AUBEDIR SEIXAS COSTA
MATEMATICA - INTENSIVO;TOM?-A??;CABAE - CAMPUS UNIVERSITARIO DE ABAETETUBA;Presencial;AUBEDIR SEIXAS COSTA
PEDAGOGIA;ABAETETUBA;CABAE - CAMPUS UNIVERSITARIO DE ABAETETUBA;Presencial;DINAIR LEAL DA HORA
PEDAGOGIA;ACAR?;CABAE - CAMPUS UNIVERSITARIO DE ABAETETUBA;Presencial;DINAIR LEAL DA HORA
PEDAGOGIA - INTENSIVO;ABAETETUBA;CABAE - CAMPUS UNIVERSITARIO DE ABAETETUBA;Presencial;DINAIR LEAL DA HORA
PEDAGOGIA - INTENSIVO;ACAR?;CABAE - CAMPUS UNIVERSITARIO DE ABAETETUBA;Presencial;DINAIR LEAL DA HORA
PEDAGOGIA - INTENSIVO;SOURE;CABAE - CAMPUS UNIVERSITARIO DE ABAETETUBA;Presencial;DINAIR LEAL DA HORA
PEDAGOGIA - INTENSIVO;TOM?-A??;CABAE - CAMPUS UNIVERSITARIO DE ABAETETUBA;Presencial;DINAIR LEAL DA HORA
PEDAGOGIA - PARFOR;ABAETETUBA;CABAE - CAMPUS UNIVERSITARIO DE ABAETETUBA;Presencial;DINAIR LEAL DA HORA
PEDAGOGIA - PARFOR;ACAR?;CABAE - CAMPUS UNIVERSITARIO DE ABAETETUBA;Presencial;MARIA LUDETANA ARAUJO
PEDAGOGIA - PARFOR;GOIAN?SIA DO PAR?;CABAE - CAMPUS UNIVERSITARIO DE ABAETETUBA;Presencial;
PEDAGOGIA - PARFOR;IGARAP?-MIRI;CABAE - CAMPUS UNIVERSITARIO DE ABAETETUBA;Presencial;
PEDAGOGIA - PARFOR;JACUND?;CABAE - CAMPUS UNIVERSITARIO DE ABAETETUBA;Presencial;
PEDAGOGIA - PARFOR;MUAN?;CABAE - CAMPUS UNIVERSITARIO DE ABAETETUBA;Presencial;MARIA LUDETANA ARAUJO
PEDAGOGIA - PARFOR;PARAUAPEBAS;CABAE - CAMPUS UNIVERSITARIO DE ABAETETUBA;Presencial;
PEDAGOGIA - PARFOR;TOM?-A??;CABAE - CAMPUS UNIVERSITARIO DE ABAETETUBA;Presencial;
SERVICO SOCIAL;ABAETETUBA;CABAE - CAMPUS UNIVERSITARIO DE ABAETETUBA;Presencial;
AGRONOMIA;ALTAMIRA;CALTA - CAMPUS UNIVERSITARIO DE ALTAMIRA;Presencial;CICERO MANOEL DOS SANTOS
AGRONOMIA - PACAJ?;PACAJ?;CALTA - CAMPUS UNIVERSITARIO DE ALTAMIRA;Presencial;CICERO MANOEL DOS SANTOS
CIENCIAS BIOLOGICAS;ALTAMIRA;CALTA - CAMPUS UNIVERSITARIO DE ALTAMIRA;Presencial;HERMES FONSECA DE MEDEIROS
EDUCACAO DO CAMPO;PLACAS;CALTA - CAMPUS UNIVERSITARIO DE ALTAMIRA;Presencial;IRLANDA DO SOCORRO DE OLIVEIRA MILEO
EDUCACAO DO CAMPO;SENADOR JOS? PORF?RIO;CALTA - CAMPUS UNIVERSITARIO DE ALTAMIRA;Presencial;SULIVAN FERREIRA DE SOUZA
EDUCACAO DO CAMPO - INTENSIVO;ALTAMIRA;CALTA - CAMPUS UNIVERSITARIO DE ALTAMIRA;Presencial;IRLANDA DO SOCORRO DE OLIVEIRA MILEO
EDUCACAO DO CAMPO - INTENSIVO;ANAPU;CALTA - CAMPUS UNIVERSITARIO DE ALTAMIRA;Presencial;IRLANDA DO SOCORRO DE OLIVEIRA MILEO
EDUCACAO DO CAMPO - INTENSIVO;BRASIL NOVO;CALTA - CAMPUS UNIVERSITARIO DE ALTAMIRA;Presencial;SULIVAN FERREIRA DE SOUZA
EDUCACAO DO CAMPO - INTENSIVO;GURUP?;CALTA - CAMPUS UNIVERSITARIO DE ALTAMIRA;Presencial;SULIVAN FERREIRA DE SOUZA
EDUCACAO DO CAMPO - INTENSIVO;MEDICIL?NDIA;CALTA - CAMPUS UNIVERSITARIO DE ALTAMIRA;Presencial;IRLANDA DO SOCORRO DE OLIVEIRA MILEO
EDUCACAO DO CAMPO - INTENSIVO;PACAJ?;CALTA - CAMPUS UNIVERSITARIO DE ALTAMIRA;Presencial;SULIVAN FERREIRA DE SOUZA
EDUCACAO DO CAMPO - INTENSIVO;URUAR?;CALTA - CAMPUS UNIVERSITARIO DE ALTAMIRA;Presencial;SULIVAN FERREIRA DE SOUZA
EDUCACAO DO CAMPO - INTENSIVO - PORTO DE MOZ;PORTO DE MOZ;CALTA - CAMPUS UNIVERSITARIO DE ALTAMIRA;Presencial;SULIVAN FERREIRA DE SOUZA
EDUCACAO DO CAMPO - VITORIA DO XINGU;VIT?RIA DO XINGU;CALTA - CAMPUS UNIVERSITARIO DE ALTAMIRA;Presencial;SULIVAN FERREIRA DE SOUZA
ENGENHARIA FLORESTAL;ALTAMIRA;CALTA - CAMPUS UNIVERSITARIO DE ALTAMIRA;Presencial;ALISSON RODRIGO SOUZA REIS
ENGENHARIA FLORESTAL;TUCURU?;CALTA - CAMPUS UNIVERSITARIO DE ALTAMIRA;Presencial;ALISSON RODRIGO SOUZA REIS
ETNODESENVOLVIMENTO;ALTAMIRA;CALTA - CAMPUS UNIVERSITARIO DE ALTAMIRA;Presencial;SULIVAN FERREIRA DE SOUZA
ETNODESENVOLVIMENTO;SOURE;CALTA - CAMPUS UNIVERSITARIO DE ALTAMIRA;Presencial;SULIVAN FERREIRA DE SOUZA
ETNODESENVOLVIMENTO - INTENSIVO - S?O CAETANO DE ODIVELAS;S?O CAETANO DE ODIVELAS;CALTA - CAMPUS UNIVERSITARIO DE ALTAMIRA;Presencial;WILLIAM CESAR LOPES DOMINGUES
GEOGRAFIA;ALTAMIRA;CALTA - CAMPUS UNIVERSITARIO DE ALTAMIRA;Presencial;LIVANIA NORBERTA DE OLIVEIRA
GEOGRAFIA - INTENSIVO;ALTAMIRA;CALTA - CAMPUS UNIVERSITARIO DE ALTAMIRA;Presencial;
LETRAS - INGLES;ALTAMIRA;CALTA - CAMPUS UNIVERSITARIO DE ALTAMIRA;Presencial;ADELSON LUIZ BAYMA DA SILVA
LETRAS - INGLES - INTENSIVO;ALTAMIRA;CALTA - CAMPUS UNIVERSITARIO DE ALTAMIRA;Presencial;ADELSON LUIZ BAYMA DA SILVA
LETRAS - PORTUGUES;ALTAMIRA;CALTA - CAMPUS UNIVERSITARIO DE ALTAMIRA;Presencial;ADELSON LUIZ BAYMA DA SILVA
LETRAS - PORTUGUES - INTENSIVO;ALTAMIRA;CALTA - CAMPUS UNIVERSITARIO DE ALTAMIRA;Presencial;ADELSON LUIZ BAYMA DA SILVA
LETRAS - PORTUGUES - INTENSIVO;PORTO DE MOZ;CALTA - CAMPUS UNIVERSITARIO DE ALTAMIRA;Presencial;ADELSON LUIZ BAYMA DA SILVA
LETRAS - PORTUGUES - PARFOR;PACAJ?;CALTA - CAMPUS UNIVERSITARIO DE ALTAMIRA;Presencial;
LETRAS - PORTUGUES - URUAR?;URUAR?;CALTA - CAMPUS UNIVERSITARIO DE ALTAMIRA;Presencial;
MEDICINA;ALTAMIRA;CALTA - CAMPUS UNIVERSITARIO DE ALTAMIRA;Presencial;RENAN ROCHA GRANATO
PEDAGOGIA;ALTAMIRA;CALTA - CAMPUS UNIVERSITARIO DE ALTAMIRA;Presencial;RAIMUNDO SOUSA
PEDAGOGIA;PACAJ?;CALTA - CAMPUS UNIVERSITARIO DE ALTAMIRA;Presencial;RAIMUNDO SOUSA
PEDAGOGIA - INTENSIVO;ALTAMIRA;CALTA - CAMPUS UNIVERSITARIO DE ALTAMIRA;Presencial;RAIMUNDO SOUSA
PEDAGOGIA - INTENSIVO;URUAR?;CALTA - CAMPUS UNIVERSITARIO DE ALTAMIRA;Presencial;RAIMUNDO SOUSA
PEDAGOGIA - PARFOR;ALMEIRIM;CALTA - CAMPUS UNIVERSITARIO DE ALTAMIRA;Presencial;
PEDAGOGIA - PARFOR;ALTAMIRA;CALTA - CAMPUS UNIVERSITARIO DE ALTAMIRA;Presencial;
PEDAGOGIA - PARFOR;ANAPU;CALTA - CAMPUS UNIVERSITARIO DE ALTAMIRA;Presencial;MARIA LUDETANA ARAUJO
PEDAGOGIA - PARFOR;MARAB?;CALTA - CAMPUS UNIVERSITARIO DE ALTAMIRA;Presencial;
PEDAGOGIA - PARFOR;NOVO REPARTIMENTO;CALTA - CAMPUS UNIVERSITARIO DE ALTAMIRA;Presencial;
PEDAGOGIA - PARFOR;URUAR?;CALTA - CAMPUS UNIVERSITARIO DE ALTAMIRA;Presencial;RAIMUNDO SOUSA
PEDAGOGIA - PARFOR - GURUP?;GURUP?;CALTA - CAMPUS UNIVERSITARIO DE ALTAMIRA;Presencial;MARIA LUDETANA ARAUJO
PEDAGOGIA - PARFOR - PORTO DE MOZ;PORTO DE MOZ;CALTA - CAMPUS UNIVERSITARIO DE ALTAMIRA;Presencial;
ENGENHARIA COSTEIRA E OCEANICA;SALIN?POLIS;CAMPSALINAS - CAMPUS UNIVERSITARIO DE SALINOPOLIS;Presencial;JOSE LEAO DE LUNA
ENGENHARIA DE EXPLORACAO E PRODUCAO DE PETROLEO;SALIN?POLIS;CAMPSALINAS - CAMPUS UNIVERSITARIO DE SALINOPOLIS;Presencial;JOSE LEAO DE LUNA
FISICA;SALIN?POLIS;CAMPSALINAS - CAMPUS UNIVERSITARIO DE SALINOPOLIS;Presencial;JEFERSON DANILO LIMA SILVA
MATEMATICA;SALIN?POLIS;CAMPSALINAS - CAMPUS UNIVERSITARIO DE SALINOPOLIS;Presencial;RAMZ LUIZ FRAIHA LOPES
ENGENHARIA DE ENERGIA;ANANINDEUA;CANAN - CAMPUS UNIVERSITARIO DE ANANINDEUA;Presencial;SILVIO BISPO DO VALE
ENGENHARIA DE MATERIAIS;ANANINDEUA;CANAN - CAMPUS UNIVERSITARIO DE ANANINDEUA;Presencial;EDINALDO JOS? DE SOUSA CUNHA
FISICA;ANANINDEUA;CANAN - CAMPUS UNIVERSITARIO DE ANANINDEUA;Presencial;DARLENE TEIXEIRA FERREIRA
FISICA - INTENSIVO;ANANINDEUA;CANAN - CAMPUS UNIVERSITARIO DE ANANINDEUA;Presencial;DARLENE TEIXEIRA FERREIRA
FISICA - INTENSIVO;CURU??;CANAN - CAMPUS UNIVERSITARIO DE ANANINDEUA;Presencial;DARLENE TEIXEIRA FERREIRA
GEOGRAFIA;ANANINDEUA;CANAN - CAMPUS UNIVERSITARIO DE ANANINDEUA;Presencial;DANIEL ARAUJO SOMBRA SOARES
GEOGRAFIA - INTENSIVO;ANANINDEUA;CANAN - CAMPUS UNIVERSITARIO DE ANANINDEUA;Presencial;DANIEL ARAUJO SOMBRA SOARES
GEOGRAFIA - INTENSIVO;CURU??;CANAN - CAMPUS UNIVERSITARIO DE ANANINDEUA;Presencial;DANIEL ARAUJO SOMBRA SOARES
GEOGRAFIA - INTENSIVO;SOURE;CANAN - CAMPUS UNIVERSITARIO DE ANANINDEUA;Presencial;DANIEL ARAUJO SOMBRA SOARES
GEOPROCESSAMENTO;ANANINDEUA;CANAN - CAMPUS UNIVERSITARIO DE ANANINDEUA;Presencial;PAULO ALVES DE MELO
GEOPROCESSAMENTO - OUTEIRO;OUTEIRO;CANAN - CAMPUS UNIVERSITARIO DE ANANINDEUA;Presencial;PAULO ALVES DE MELO
HISTORIA;ANANINDEUA;CANAN - CAMPUS UNIVERSITARIO DE ANANINDEUA;Presencial;SUENY DIANA OLIVEIRA DE SOUZA
HISTORIA;S?O JO?O DE PIRABAS;CANAN - CAMPUS UNIVERSITARIO DE ANANINDEUA;Presencial;SUENY DIANA OLIVEIRA DE SOUZA
HISTORIA;TUCURU?;CANAN - CAMPUS UNIVERSITARIO DE ANANINDEUA;Presencial;SUENY DIANA OLIVEIRA DE SOUZA
HISTORIA - INTENSIVO;ALTAMIRA;CANAN - CAMPUS UNIVERSITARIO DE ANANINDEUA;Presencial;SUENY DIANA OLIVEIRA DE SOUZA
HISTORIA - INTENSIVO;ANANINDEUA;CANAN - CAMPUS UNIVERSITARIO DE ANANINDEUA;Presencial;SUENY DIANA OLIVEIRA DE SOUZA
INTERDISCIPLINAR EM CIENCIA E TECNOLOGIA;ANANINDEUA;CANAN - CAMPUS UNIVERSITARIO DE ANANINDEUA;Presencial;CRISTHIAN CORREA DA PAIXAO
QUIMICA - INTENSIVO;ANANINDEUA;CANAN - CAMPUS UNIVERSITARIO DE ANANINDEUA;Presencial;LORENA GOMES CORUMBA
QUIMICA - INTENSIVO;CURU??;CANAN - CAMPUS UNIVERSITARIO DE ANANINDEUA;Presencial;LORENA GOMES CORUMBA
ENGENHARIA DE PESCA;TUCURU?;CBRAG - CAMPUS UNIVERSITARIO DE BRAGANCA;Presencial;FRANCISCO CARLOS ALBERTO FONTELES HOLANDA
HISTORIA;BRAGAN?A;CBRAG - CAMPUS UNIVERSITARIO DE BRAGANCA;Presencial;DARIO BENEDITO RODRIGUES NONATO DA SILVA
HISTORIA - INTENSIVO;BRAGAN?A;CBRAG - CAMPUS UNIVERSITARIO DE BRAGANCA;Presencial;DARIO BENEDITO RODRIGUES NONATO DA SILVA
HISTORIA - INTENSIVO;CAPANEMA;CBRAG - CAMPUS UNIVERSITARIO DE BRAGANCA;Presencial;DARIO BENEDITO RODRIGUES NONATO DA SILVA
LETRAS - INGLES;BRAGAN?A;CBRAG - CAMPUS UNIVERSITARIO DE BRAGANCA;Presencial;KELLY CRISTINA MARQUES GAIGNOUX
LETRAS - INGLES;CAPANEMA;CBRAG - CAMPUS UNIVERSITARIO DE BRAGANCA;Presencial;
LETRAS - INGLES - INTENSIVO;BRAGAN?A;CBRAG - CAMPUS UNIVERSITARIO DE BRAGANCA;Presencial;KELLY CRISTINA MARQUES GAIGNOUX
LETRAS - INGLES - INTENSIVO;CAPANEMA;CBRAG - CAMPUS UNIVERSITARIO DE BRAGANCA;Presencial;KELLY CRISTINA MARQUES GAIGNOUX
LETRAS - INGLES - VISEU;VISEU;CBRAG - CAMPUS UNIVERSITARIO DE BRAGANCA;Presencial;KELLY CRISTINA MARQUES GAIGNOUX
LETRAS - PORTUGUES;BRAGAN?A;CBRAG - CAMPUS UNIVERSITARIO DE BRAGANCA;Presencial;BENEDITO UBIRATAN DE SOUSA PINHEIRO J?NIOR
LETRAS - PORTUGUES;CAPANEMA;CBRAG - CAMPUS UNIVERSITARIO DE BRAGANCA;Presencial;BENEDITO UBIRATAN DE SOUSA PINHEIRO J?NIOR
LETRAS - PORTUGUES - INTENSIVO;BRAGAN?A;CBRAG - CAMPUS UNIVERSITARIO DE BRAGANCA;Presencial;BENEDITO UBIRATAN DE SOUSA PINHEIRO J?NIOR
LETRAS - PORTUGUES - INTENSIVO;CAPANEMA;CBRAG - CAMPUS UNIVERSITARIO DE BRAGANCA;Presencial;BENEDITO UBIRATAN DE SOUSA PINHEIRO J?NIOR
LETRAS - PORTUGUES - PARFOR;BRAGAN?A;CBRAG - CAMPUS UNIVERSITARIO DE BRAGANCA;Presencial;
LETRAS - PORTUGUES - PARFOR;CAPANEMA;CBRAG - CAMPUS UNIVERSITARIO DE BRAGANCA;Presencial;
LETRAS - PORTUGUES - PARFOR;CAPIT?O PO?O;CBRAG - CAMPUS UNIVERSITARIO DE BRAGANCA;Presencial;
MATEMATICA;BRAGAN?A;CBRAG - CAMPUS UNIVERSITARIO DE BRAGANCA;Presencial;ELIZARDO FABRICIO LIMA LUCENA
MATEMATICA - INTENSIVO;AUGUSTO CORR?A;CBRAG - CAMPUS UNIVERSITARIO DE BRAGANCA;Presencial;ELIZARDO FABRICIO LIMA LUCENA
MATEMATICA - INTENSIVO;CAPANEMA;CBRAG - CAMPUS UNIVERSITARIO DE BRAGANCA;Presencial;ELIZARDO FABRICIO LIMA LUCENA
PEDAGOGIA;BRAGAN?A;CBRAG - CAMPUS UNIVERSITARIO DE BRAGANCA;Presencial;ANA PAULA VIEIRA E SOUZA
PEDAGOGIA;CAPANEMA;CBRAG - CAMPUS UNIVERSITARIO DE BRAGANCA;Presencial;ANA PAULA VIEIRA E SOUZA
PEDAGOGIA - INTENSIVO;BRAGAN?A;CBRAG - CAMPUS UNIVERSITARIO DE BRAGANCA;Presencial;ANA PAULA VIEIRA E SOUZA
PEDAGOGIA - INTENSIVO;CAPANEMA;CBRAG - CAMPUS UNIVERSITARIO DE BRAGANCA;Presencial;ANA PAULA VIEIRA E SOUZA
PEDAGOGIA - INTENSIVO;SANTA LUZIA DO PAR?;CBRAG - CAMPUS UNIVERSITARIO DE BRAGANCA;Presencial;ANA PAULA VIEIRA E SOUZA
PEDAGOGIA - INTENSIVO;VISEU;CBRAG - CAMPUS UNIVERSITARIO DE BRAGANCA;Presencial;ANA PAULA VIEIRA E SOUZA
PEDAGOGIA - PARFOR;AUGUSTO CORR?A;CBRAG - CAMPUS UNIVERSITARIO DE BRAGANCA;Presencial;FRANCISCO PEREIRA DE OLIVEIRA
PEDAGOGIA - PARFOR;BRAGAN?A;CBRAG - CAMPUS UNIVERSITARIO DE BRAGANCA;Presencial;FRANCISCO PEREIRA DE OLIVEIRA
PEDAGOGIA - PARFOR;CAPANEMA;CBRAG - CAMPUS UNIVERSITARIO DE BRAGANCA;Presencial;FRANCISCO PEREIRA DE OLIVEIRA
PEDAGOGIA - PARFOR;CAPIT?O PO?O;CBRAG - CAMPUS UNIVERSITARIO DE BRAGANCA;Presencial;FRANCISCO PEREIRA DE OLIVEIRA
PEDAGOGIA - PARFOR;NOVA ESPERAN?A DO PIRI?;CBRAG - CAMPUS UNIVERSITARIO DE BRAGANCA;Presencial;FRANCISCO PEREIRA DE OLIVEIRA
PEDAGOGIA - PARFOR;TRACUATEUA;CBRAG - CAMPUS UNIVERSITARIO DE BRAGANCA;Presencial;
PEDAGOGIA - PARFOR - VISEU;VISEU;CBRAG - CAMPUS UNIVERSITARIO DE BRAGANCA;Presencial;FRANCISCO PEREIRA DE OLIVEIRA
CIENCIAS NATURAIS;BREVES;CBREV - CAMPUS UNIVERSITARIO DO MARAJO - BREVES;Presencial;MARCIO ROBERTO PIETROBOM DA SILVA
CIENCIAS NATURAIS - INTENSIVO;BREVES;CBREV - CAMPUS UNIVERSITARIO DO MARAJO - BREVES;Presencial;MARCIO ROBERTO PIETROBOM DA SILVA
CIENCIAS NATURAIS - INTENSIVO;MELGA?O;CBREV - CAMPUS UNIVERSITARIO DO MARAJO - BREVES;Presencial;MARCIO ROBERTO PIETROBOM DA SILVA
CIENCIAS NATURAIS - INTENSIVO;PORTEL;CBREV - CAMPUS UNIVERSITARIO DO MARAJO - BREVES;Presencial;MARCIO ROBERTO PIETROBOM DA SILVA
LETRAS - PORTUGUES;BREVES;CBREV - CAMPUS UNIVERSITARIO DO MARAJO - BREVES;Presencial;CINTHIA DE LIMA NEVES
LETRAS - PORTUGUES - INTENSIVO;BREVES;CBREV - CAMPUS UNIVERSITARIO DO MARAJO - BREVES;Presencial;CINTHIA DE LIMA NEVES
LETRAS - PORTUGUES - INTENSIVO;CURRALINHO;CBREV - CAMPUS UNIVERSITARIO DO MARAJO - BREVES;Presencial;CINTHIA DE LIMA NEVES
LETRAS - PORTUGUES - INTENSIVO;PORTEL;CBREV - CAMPUS UNIVERSITARIO DO MARAJO - BREVES;Presencial;
LETRAS - PORTUGUES - PARFOR;BREVES;CBREV - CAMPUS UNIVERSITARIO DO MARAJO - BREVES;Presencial;CINTHIA DE LIMA NEVES
LETRAS - PORTUGUES - PARFOR;GURUP?;CBREV - CAMPUS UNIVERSITARIO DO MARAJO - BREVES;Presencial;
LETRAS - PORTUGUES - PARFOR;S?O SEBASTI?O DA BOA VISTA;CBREV - CAMPUS UNIVERSITARIO DO MARAJO - BREVES;Presencial;
MATEMATICA;BREVES;CBREV - CAMPUS UNIVERSITARIO DO MARAJO - BREVES;Presencial;JORSI JOSE DA CONCEICAO CUNHA
MATEMATICA - INTENSIVO;BAGRE;CBREV - CAMPUS UNIVERSITARIO DO MARAJO - BREVES;Presencial;JORSI JOSE DA CONCEICAO CUNHA
MATEMATICA - INTENSIVO;BREVES;CBREV - CAMPUS UNIVERSITARIO DO MARAJO - BREVES;Presencial;JORSI JOSE DA CONCEICAO CUNHA
MATEMATICA - INTENSIVO;S?O SEBASTI?O DA BOA VISTA;CBREV - CAMPUS UNIVERSITARIO DO MARAJO - BREVES;Presencial;JORSI JOSE DA CONCEICAO CUNHA
PEDAGOGIA;BREVES;CBREV - CAMPUS UNIVERSITARIO DO MARAJO - BREVES;Presencial;SOLANGE PEREIRA DA SILVA
PEDAGOGIA - INTENSIVO;BREVES;CBREV - CAMPUS UNIVERSITARIO DO MARAJO - BREVES;Presencial;SOLANGE PEREIRA DA SILVA
PEDAGOGIA - INTENSIVO;CURRALINHO;CBREV - CAMPUS UNIVERSITARIO DO MARAJO - BREVES;Presencial;SOLANGE PEREIRA DA SILVA
PEDAGOGIA - INTENSIVO;PORTEL;CBREV - CAMPUS UNIVERSITARIO DO MARAJO - BREVES;Presencial;SOLANGE PEREIRA DA SILVA
PEDAGOGIA - PARFOR;BREVES;CBREV - CAMPUS UNIVERSITARIO DO MARAJO - BREVES;Presencial;
SERVICO SOCIAL;BREVES;CBREV - CAMPUS UNIVERSITARIO DO MARAJO - BREVES;Presencial;
SERVICO SOCIAL - INTENSIVO;BREVES;CBREV - CAMPUS UNIVERSITARIO DO MARAJO - BREVES;Presencial;MERIZE DE JESUS DA SILVA AMERICO
SERVICO SOCIAL - INTENSIVO;CAMET?;CBREV - CAMPUS UNIVERSITARIO DO MARAJO - BREVES;Presencial;MERIZE DE JESUS DA SILVA AMERICO
SERVICO SOCIAL - INTENSIVO;MELGA?O;CBREV - CAMPUS UNIVERSITARIO DO MARAJO - BREVES;Presencial;MERIZE DE JESUS DA SILVA AMERICO
AGRONOMIA;CAMET?;CCAME - CAMPUS UNIVERSITARIO DO TOCANTINS - CAMETA;Presencial;KELLI GARBOZA DA COSTA
AGRONOMIA;NOVO REPARTIMENTO;CCAME - CAMPUS UNIVERSITARIO DO TOCANTINS - CAMETA;Presencial;KELLI GARBOZA DA COSTA
CIENCIAS NATURAIS;CAMET?;CCAME - CAMPUS UNIVERSITARIO DO TOCANTINS - CAMETA;Presencial;WALDENIRA MERCEDES PEREIRA TORRES
CIENCIAS NATURAIS - INTENSIVO;BAI?O;CCAME - CAMPUS UNIVERSITARIO DO TOCANTINS - CAMETA;Presencial;
CIENCIAS NATURAIS - INTENSIVO;CAMET?;CCAME - CAMPUS UNIVERSITARIO DO TOCANTINS - CAMETA;Presencial;WALDENIRA MERCEDES PEREIRA TORRES
CIENCIAS NATURAIS - INTENSIVO;LIMOEIRO DO AJURU;CCAME - CAMPUS UNIVERSITARIO DO TOCANTINS - CAMETA;Presencial;WALDENIRA MERCEDES PEREIRA TORRES
CIENCIAS NATURAIS - INTENSIVO;MOCAJUBA;CCAME - CAMPUS UNIVERSITARIO DO TOCANTINS - CAMETA;Presencial;
CIENCIAS NATURAIS - INTENSIVO;OEIRAS DO PAR?;CCAME - CAMPUS UNIVERSITARIO DO TOCANTINS - CAMETA;Presencial;WALDENIRA MERCEDES PEREIRA TORRES
EDUCACAO DO CAMPO;BAI?O;CCAME - CAMPUS UNIVERSITARIO DO TOCANTINS - CAMETA;Presencial;MARIA DO SOCORRO DIAS PINHEIRO
EDUCACAO DO CAMPO;CAMET?;CCAME - CAMPUS UNIVERSITARIO DO TOCANTINS - CAMETA;Presencial;LINCOLN SILVA CARNEIRO
EDUCACAO DO CAMPO;OEIRAS DO PAR?;CCAME - CAMPUS UNIVERSITARIO DO TOCANTINS - CAMETA;Presencial;LINCOLN SILVA CARNEIRO
EDUCACAO DO CAMPO;VILA DO CARMO DO TOCANTINS;CCAME - CAMPUS UNIVERSITARIO DO TOCANTINS - CAMETA;Presencial;EDILENA MARIA CORREA
EDUCACAO DO CAMPO - INTENSIVO;BAI?O;CCAME - CAMPUS UNIVERSITARIO DO TOCANTINS - CAMETA;Presencial;LINCOLN SILVA CARNEIRO
EDUCACAO DO CAMPO - INTENSIVO;CAMET?;CCAME - CAMPUS UNIVERSITARIO DO TOCANTINS - CAMETA;Presencial;MARIA DO SOCORRO DIAS PINHEIRO
EDUCACAO DO CAMPO - INTENSIVO;OEIRAS DO PAR?;CCAME - CAMPUS UNIVERSITARIO DO TOCANTINS - CAMETA;Presencial;MARIA DO SOCORRO DIAS PINHEIRO
EDUCACAO DO CAMPO - INTENSIVO - IGARAP?;IGARAP?-MIRI;CCAME - CAMPUS UNIVERSITARIO DO TOCANTINS - CAMETA;Presencial;JOSELINE SIMONE BARRETO TRINDADE
EDUCACAO DO CAMPO - INTENSIVO - LIMOEIRO;LIMOEIRO DO AJURU;CCAME - CAMPUS UNIVERSITARIO DO TOCANTINS - CAMETA;Presencial;LINCOLN SILVA CARNEIRO
EDUCACAO DO CAMPO - INTENSIVO - MOCAJUBA;MOCAJUBA;CCAME - CAMPUS UNIVERSITARIO DO TOCANTINS - CAMETA;Presencial;LINCOLN SILVA CARNEIRO
GEOGRAFIA;CAMET?;CCAME - CAMPUS UNIVERSITARIO DO TOCANTINS - CAMETA;Presencial;JOSE CARLOS DA SILVA CORDOVIL
GEOGRAFIA - INTENSIVO;BAI?O;CCAME - CAMPUS UNIVERSITARIO DO TOCANTINS - CAMETA;Presencial;JOSE CARLOS DA SILVA CORDOVIL
GEOGRAFIA - INTENSIVO;CAMET?;CCAME - CAMPUS UNIVERSITARIO DO TOCANTINS - CAMETA;Presencial;JOSE CARLOS DA SILVA CORDOVIL
GEOGRAFIA - INTENSIVO;LIMOEIRO DO AJURU;CCAME - CAMPUS UNIVERSITARIO DO TOCANTINS - CAMETA;Presencial;JOSE CARLOS DA SILVA CORDOVIL
GEOGRAFIA - INTENSIVO;MOCAJUBA;CCAME - CAMPUS UNIVERSITARIO DO TOCANTINS - CAMETA;Presencial;JOSE CARLOS DA SILVA CORDOVIL
GEOGRAFIA - INTENSIVO;OEIRAS DO PAR?;CCAME - CAMPUS UNIVERSITARIO DO TOCANTINS - CAMETA;Presencial;JOSE CARLOS DA SILVA CORDOVIL
GEOGRAFIA - INTENSIVO -IGARAP?-MIRI;IGARAP?-MIRI;CCAME - CAMPUS UNIVERSITARIO DO TOCANTINS - CAMETA;Presencial;
HISTORIA;ABAETETUBA;CCAME - CAMPUS UNIVERSITARIO DO TOCANTINS - CAMETA;Presencial;ELIAS DINIZ SACRAMENTO
HISTORIA;CAMET?;CCAME - CAMPUS UNIVERSITARIO DO TOCANTINS - CAMETA;Presencial;ELIAS DINIZ SACRAMENTO
HISTORIA;TOM?-A??;CCAME - CAMPUS UNIVERSITARIO DO TOCANTINS - CAMETA;Presencial;ELIAS DINIZ SACRAMENTO
HISTORIA - INTENSIVO;BAI?O;CCAME - CAMPUS UNIVERSITARIO DO TOCANTINS - CAMETA;Presencial;ELIAS DINIZ SACRAMENTO
HISTORIA - INTENSIVO;CAMET?;CCAME - CAMPUS UNIVERSITARIO DO TOCANTINS - CAMETA;Presencial;ELIAS DINIZ SACRAMENTO
HISTORIA - INTENSIVO;LIMOEIRO DO AJURU;CCAME - CAMPUS UNIVERSITARIO DO TOCANTINS - CAMETA;Presencial;ELIAS DINIZ SACRAMENTO
HISTORIA - INTENSIVO;MOCAJUBA;CCAME - CAMPUS UNIVERSITARIO DO TOCANTINS - CAMETA;Presencial;ELIAS DINIZ SACRAMENTO
LETRAS - INGLES;CAMET?;CCAME - CAMPUS UNIVERSITARIO DO TOCANTINS - CAMETA;Presencial;LUCAS RODRIGUES LOPES
LETRAS - INGLES;MOCAJUBA;CCAME - CAMPUS UNIVERSITARIO DO TOCANTINS - CAMETA;Presencial;LUCAS RODRIGUES LOPES
LETRAS - INGLES;TUCURU?;CCAME - CAMPUS UNIVERSITARIO DO TOCANTINS - CAMETA;Presencial;LUCAS RODRIGUES LOPES
LETRAS - INGLES - INTENSIVO;TOM?-A??;CCAME - CAMPUS UNIVERSITARIO DO TOCANTINS - CAMETA;Presencial;LUIS DE NAZARE VIANA VALENTE
LETRAS - INGLES - INTENSIVO;BAI?O;CCAME - CAMPUS UNIVERSITARIO DO TOCANTINS - CAMETA;Presencial;LUIS DE NAZARE VIANA VALENTE
LETRAS - INGLES - INTENSIVO;CAMET?;CCAME - CAMPUS UNIVERSITARIO DO TOCANTINS - CAMETA;Presencial;LUCAS RODRIGUES LOPES
LETRAS - INGLES - INTENSIVO;OEIRAS DO PAR?;CCAME - CAMPUS UNIVERSITARIO DO TOCANTINS - CAMETA;Presencial;LUCAS RODRIGUES LOPES
LETRAS - PORTUGUES;CAMET?;CCAME - CAMPUS UNIVERSITARIO DO TOCANTINS - CAMETA;Presencial;LUIS DE NAZARE VIANA VALENTE
LETRAS - PORTUGUES;MOCAJUBA;CCAME - CAMPUS UNIVERSITARIO DO TOCANTINS - CAMETA;Presencial;LUIS DE NAZARE VIANA VALENTE
LETRAS - PORTUGUES - INTENSIVO;BAI?O;CCAME - CAMPUS UNIVERSITARIO DO TOCANTINS - CAMETA;Presencial;LUIS DE NAZARE VIANA VALENTE
LETRAS - PORTUGUES - INTENSIVO;CAMET?;CCAME - CAMPUS UNIVERSITARIO DO TOCANTINS - CAMETA;Presencial;LUIS DE NAZARE VIANA VALENTE
LETRAS - PORTUGUES - INTENSIVO;LIMOEIRO DO AJURU;CCAME - CAMPUS UNIVERSITARIO DO TOCANTINS - CAMETA;Presencial;LUIS DE NAZARE VIANA VALENTE
LETRAS - PORTUGUES - INTENSIVO;MOCAJUBA;CCAME - CAMPUS UNIVERSITARIO DO TOCANTINS - CAMETA;Presencial;LUIS DE NAZARE VIANA VALENTE
LETRAS - PORTUGUES - INTENSIVO;OEIRAS DO PAR?;CCAME - CAMPUS UNIVERSITARIO DO TOCANTINS - CAMETA;Presencial;BENEDITA MARIA DO SOCORRO CAMPOS DE SOUSA
LETRAS - PORTUGUES - PARFOR;BAI?O;CCAME - CAMPUS UNIVERSITARIO DO TOCANTINS - CAMETA;Presencial;
LETRAS - PORTUGUES - PARFOR;BARCARENA;CCAME - CAMPUS UNIVERSITARIO DO TOCANTINS - CAMETA;Presencial;
LETRAS - PORTUGUES - PARFOR;BUJARU;CCAME - CAMPUS UNIVERSITARIO DO TOCANTINS - CAMETA;Presencial;
LETRAS - PORTUGUES - PARFOR;CAMET?;CCAME - CAMPUS UNIVERSITARIO DO TOCANTINS - CAMETA;Presencial;
LETRAS - PORTUGUES - PARFOR;LIMOEIRO DO AJURU;CCAME - CAMPUS UNIVERSITARIO DO TOCANTINS - CAMETA;Presencial;
LETRAS - PORTUGUES - PARFOR;MOCAJUBA;CCAME - CAMPUS UNIVERSITARIO DO TOCANTINS - CAMETA;Presencial;
LETRAS - PORTUGUES - PARFOR;OEIRAS DO PAR?;CCAME - CAMPUS UNIVERSITARIO DO TOCANTINS - CAMETA;Presencial;
MATEMATICA;CAMET?;CCAME - CAMPUS UNIVERSITARIO DO TOCANTINS - CAMETA;Presencial;ELANY DA SILVA MACIEL
MATEMATICA - INTENSIVO;BAI?O;CCAME - CAMPUS UNIVERSITARIO DO TOCANTINS - CAMETA;Presencial;ELANY DA SILVA MACIEL
MATEMATICA - INTENSIVO;CAMET?;CCAME - CAMPUS UNIVERSITARIO DO TOCANTINS - CAMETA;Presencial;ELANY DA SILVA MACIEL
MATEMATICA - INTENSIVO;LIMOEIRO DO AJURU;CCAME - CAMPUS UNIVERSITARIO DO TOCANTINS - CAMETA;Presencial;ELANY DA SILVA MACIEL
MATEMATICA - INTENSIVO;MOCAJUBA;CCAME - CAMPUS UNIVERSITARIO DO TOCANTINS - CAMETA;Presencial;ELANY DA SILVA MACIEL
MATEMATICA - INTENSIVO;OEIRAS DO PAR?;CCAME - CAMPUS UNIVERSITARIO DO TOCANTINS - CAMETA;Presencial;ELANY DA SILVA MACIEL
PEDAGOGIA;CAMET?;CCAME - CAMPUS UNIVERSITARIO DO TOCANTINS - CAMETA;Presencial;ROSINELIO RODRIGUES DA TRINDADE
PEDAGOGIA;TUCURU?;CCAME - CAMPUS UNIVERSITARIO DO TOCANTINS - CAMETA;Presencial;ROSINELIO RODRIGUES DA TRINDADE
PEDAGOGIA - INTENSIVO;BAI?O;CCAME - CAMPUS UNIVERSITARIO DO TOCANTINS - CAMETA;Presencial;ADALBERTO PORTILHO COSTA
PEDAGOGIA - INTENSIVO;CAMET?;CCAME - CAMPUS UNIVERSITARIO DO TOCANTINS - CAMETA;Presencial;ROSINELIO RODRIGUES DA TRINDADE
PEDAGOGIA - INTENSIVO;LIMOEIRO DO AJURU;CCAME - CAMPUS UNIVERSITARIO DO TOCANTINS - CAMETA;Presencial;ADALBERTO PORTILHO COSTA
PEDAGOGIA - INTENSIVO;MOCAJUBA;CCAME - CAMPUS UNIVERSITARIO DO TOCANTINS - CAMETA;Presencial;ROSINELIO RODRIGUES DA TRINDADE
PEDAGOGIA - INTENSIVO;OEIRAS DO PAR?;CCAME - CAMPUS UNIVERSITARIO DO TOCANTINS - CAMETA;Presencial;ROSINELIO RODRIGUES DA TRINDADE
PEDAGOGIA - PARFOR;BAGRE;CCAME - CAMPUS UNIVERSITARIO DO TOCANTINS - CAMETA;Presencial;MARIA LUDETANA ARAUJO
PEDAGOGIA - PARFOR;BAI?O;CCAME - CAMPUS UNIVERSITARIO DO TOCANTINS - CAMETA;Presencial;
PEDAGOGIA - PARFOR;BARCARENA;CCAME - CAMPUS UNIVERSITARIO DO TOCANTINS - CAMETA;Presencial;
PEDAGOGIA - PARFOR;CAMET?;CCAME - CAMPUS UNIVERSITARIO DO TOCANTINS - CAMETA;Presencial;
PEDAGOGIA - PARFOR;LIMOEIRO DO AJURU;CCAME - CAMPUS UNIVERSITARIO DO TOCANTINS - CAMETA;Presencial;
PEDAGOGIA - PARFOR;OEIRAS DO PAR?;CCAME - CAMPUS UNIVERSITARIO DO TOCANTINS - CAMETA;Presencial;
SISTEMAS DE INFORMACAO;CAMET?;CCAME - CAMPUS UNIVERSITARIO DO TOCANTINS - CAMETA;Presencial;ELTON SARMANHO SIQUEIRA
SISTEMAS DE INFORMACAO;TUCURU?;CCAME - CAMPUS UNIVERSITARIO DO TOCANTINS - CAMETA;Presencial;
SISTEMAS DE INFORMACAO - INTENSIVO;LIMOEIRO DO AJURU;CCAME - CAMPUS UNIVERSITARIO DO TOCANTINS - CAMETA;Presencial;ELTON SARMANHO SIQUEIRA
SISTEMAS DE INFORMACAO - OEIRAS;OEIRAS DO PAR?;CCAME - CAMPUS UNIVERSITARIO DO TOCANTINS - CAMETA;Presencial;ELTON SARMANHO SIQUEIRA
EDUCACAO FISICA;CASTANHAL;CCAST - CAMPUS UNIVERSITARIO DE CASTANHAL;Presencial;
EDUCACAO FISICA - INTENSIVO - MAE DO RIO;M?E DO RIO;CCAST - CAMPUS UNIVERSITARIO DE CASTANHAL;Presencial;
EDUCACAO FISICA - PARFOR;ABAETETUBA;CCAST - CAMPUS UNIVERSITARIO DE CASTANHAL;Presencial;
EDUCACAO FISICA - PARFOR;ALMEIRIM;CCAST - CAMPUS UNIVERSITARIO DE CASTANHAL;Presencial;
EDUCACAO FISICA - PARFOR;BELÉM;CCAST - CAMPUS UNIVERSITARIO DE CASTANHAL;Presencial;
EDUCACAO FISICA - PARFOR;BRAGAN?A;CCAST - CAMPUS UNIVERSITARIO DE CASTANHAL;Presencial;
EDUCACAO FISICA - PARFOR;BREVES;CCAST - CAMPUS UNIVERSITARIO DE CASTANHAL;Presencial;
EDUCACAO FISICA - PARFOR;CAPANEMA;CCAST - CAMPUS UNIVERSITARIO DE CASTANHAL;Presencial;
EDUCACAO FISICA - PARFOR;CAPIT?O PO?O;CCAST - CAMPUS UNIVERSITARIO DE CASTANHAL;Presencial;
EDUCACAO FISICA - PARFOR;CASTANHAL;CCAST - CAMPUS UNIVERSITARIO DE CASTANHAL;Presencial;
EDUCACAO FISICA - PARFOR;ITAITUBA;CCAST - CAMPUS UNIVERSITARIO DE CASTANHAL;Presencial;
EDUCACAO FISICA - PARFOR;M?E DO RIO;CCAST - CAMPUS UNIVERSITARIO DE CASTANHAL;Presencial;
EDUCACAO FISICA - PARFOR;SANTA MARIA DO PAR?;CCAST - CAMPUS UNIVERSITARIO DE CASTANHAL;Presencial;
EDUCACAO FISICA - PARFOR;SANTAR?M;CCAST - CAMPUS UNIVERSITARIO DE CASTANHAL;Presencial;
EDUCACAO FISICA - PARFOR;S?O JO?O DE PIRABAS;CCAST - CAMPUS UNIVERSITARIO DE CASTANHAL;Presencial;
EDUCACAO FISICA - PARFOR;SOURE;CCAST - CAMPUS UNIVERSITARIO DE CASTANHAL;Presencial;
EDUCACAO FISICA - PARFOR;TAIL?NDIA;CCAST - CAMPUS UNIVERSITARIO DE CASTANHAL;Presencial;
EDUCACAO FISICA - PARFOR;TUCURU?;CCAST - CAMPUS UNIVERSITARIO DE CASTANHAL;Presencial;
EDUCACAO FISICA - PARFOR - VISEU;VISEU;CCAST - CAMPUS UNIVERSITARIO DE CASTANHAL;Presencial;
ENGENHARIA DE COMPUTACAO;CASTANHAL;CCAST - CAMPUS UNIVERSITARIO DE CASTANHAL;Presencial;YOMARA PINHEIRO PIRES
LETRAS - ESPANHOL;CASTANHAL;CCAST - CAMPUS UNIVERSITARIO DE CASTANHAL;Presencial;
LETRAS - ESPANHOL - INTENSIVO;CASTANHAL;CCAST - CAMPUS UNIVERSITARIO DE CASTANHAL;Presencial;
LETRAS - PORTUGUES;CASTANHAL;CCAST - CAMPUS UNIVERSITARIO DE CASTANHAL;Presencial;SIMONE NEGRAO DE FREITAS
LETRAS - PORTUGUES - INTENSIVO;CASTANHAL;CCAST - CAMPUS UNIVERSITARIO DE CASTANHAL;Presencial;SIMONE NEGRAO DE FREITAS
LETRAS - PORTUGUES - INTENSIVO;M?E DO RIO;CCAST - CAMPUS UNIVERSITARIO DE CASTANHAL;Presencial;SIMONE NEGRAO DE FREITAS
LETRAS - PORTUGUES - INTENSIVO;S?O CAETANO DE ODIVELAS;CCAST - CAMPUS UNIVERSITARIO DE CASTANHAL;Presencial;SIMONE NEGRAO DE FREITAS
LETRAS - PORTUGUES - PARFOR;CASTANHAL;CCAST - CAMPUS UNIVERSITARIO DE CASTANHAL;Presencial;
LETRAS - PORTUGUES - PARFOR;TAIL?NDIA;CCAST - CAMPUS UNIVERSITARIO DE CASTANHAL;Presencial;
LETRAS - PORTUGUES - PARFOR;TOM?-A??;CCAST - CAMPUS UNIVERSITARIO DE CASTANHAL;Presencial;
MATEMATICA;CASTANHAL;CCAST - CAMPUS UNIVERSITARIO DE CASTANHAL;Presencial;ROBERTA MODESTO BRAGA
MATEMATICA - INTENSIVO;CASTANHAL;CCAST - CAMPUS UNIVERSITARIO DE CASTANHAL;Presencial;ROBERTA MODESTO BRAGA
MATEMATICA - INTENSIVO;CURU??;CCAST - CAMPUS UNIVERSITARIO DE CASTANHAL;Presencial;ROBERTA MODESTO BRAGA
MATEMATICA - INTENSIVO - (CASTANHAL);CAPANEMA;CCAST - CAMPUS UNIVERSITARIO DE CASTANHAL;Presencial;ROBERTA MODESTO BRAGA
PEDAGOGIA;CASTANHAL;CCAST - CAMPUS UNIVERSITARIO DE CASTANHAL;Presencial;JOAO BATISTA SANTIAGO RAMOS
PEDAGOGIA;CURU??;CCAST - CAMPUS UNIVERSITARIO DE CASTANHAL;Presencial;MADISON ROCHA RIBEIRO
PEDAGOGIA - INTENSIVO;CASTANHAL;CCAST - CAMPUS UNIVERSITARIO DE CASTANHAL;Presencial;MADISON ROCHA RIBEIRO
PEDAGOGIA - INTENSIVO;M?E DO RIO;CCAST - CAMPUS UNIVERSITARIO DE CASTANHAL;Presencial;MADISON ROCHA RIBEIRO
PEDAGOGIA - MARAPANIM;MARAPANIM;CCAST - CAMPUS UNIVERSITARIO DE CASTANHAL;Presencial;MADISON ROCHA RIBEIRO
PEDAGOGIA - PARFOR;CASTANHAL;CCAST - CAMPUS UNIVERSITARIO DE CASTANHAL;Presencial;MADISON ROCHA RIBEIRO
PEDAGOGIA - PARFOR;COLARES;CCAST - CAMPUS UNIVERSITARIO DE CASTANHAL;Presencial;
PEDAGOGIA - PARFOR;IPIXUNA DO PAR?;CCAST - CAMPUS UNIVERSITARIO DE CASTANHAL;Presencial;
PEDAGOGIA - PARFOR - MARAPANIM;MARAPANIM;CCAST - CAMPUS UNIVERSITARIO DE CASTANHAL;Presencial;
SISTEMA DE INFORMACAO INTENSIVO - CAPANEMA;CAPANEMA;CCAST - CAMPUS UNIVERSITARIO DE CASTANHAL;Presencial;YOMARA PINHEIRO PIRES
SISTEMAS DE INFORMACAO;CASTANHAL;CCAST - CAMPUS UNIVERSITARIO DE CASTANHAL;Presencial;YOMARA PINHEIRO PIRES
SISTEMAS DE INFORMACAO - INTENSIVO;M?E DO RIO;CCAST - CAMPUS UNIVERSITARIO DE CASTANHAL;Presencial;YOMARA PINHEIRO PIRES
CIENCIAS AGRARIAS;MARAB?;CMARA - CAMPUS UNIVERSITARIO DE MARABA;Presencial;
CIENCIAS NATURAIS - INTENSIVO;MARAB?;CMARA - CAMPUS UNIVERSITARIO DE MARABA;Presencial;
CIENCIAS BIOLOGICAS;SOURE;CSOUR - CAMPUS UNIVERSITARIO DO MARAJO - SOURE;Presencial;LEANDRA DE PAULA CARDOSO PINHEIRO
LETRAS - FRANCES - INTENSIVO;SOURE;CSOUR - CAMPUS UNIVERSITARIO DO MARAJO - SOURE;Presencial;
LETRAS - INGLES;SOURE;CSOUR - CAMPUS UNIVERSITARIO DO MARAJO - SOURE;Presencial;JOAQUIM MARTINS CANCELA JUNIOR
LETRAS - INGLES - INTENSIVO;SOURE;CSOUR - CAMPUS UNIVERSITARIO DO MARAJO - SOURE;Presencial;JOAQUIM MARTINS CANCELA JUNIOR
LETRAS - PORTUGUES - INTENSIVO - SOURE;SOURE;CSOUR - CAMPUS UNIVERSITARIO DO MARAJO - SOURE;Presencial;
LETRAS - PORTUGUES - SOURE;SOURE;CSOUR - CAMPUS UNIVERSITARIO DO MARAJO - SOURE;Presencial;JOAQUIM MARTINS CANCELA JUNIOR
ENGENHARIA CIVIL;GOIAN?SIA DO PAR?;CTUCU - CAMPUS UNIVERSITARIO DE TUCURUI;Presencial;GRAZIELLE TIGRE DE SOUZA
ENGENHARIA CIVIL;RONDON DO PAR?;CTUCU - CAMPUS UNIVERSITARIO DE TUCURUI;Presencial;GRAZIELLE TIGRE DE SOUZA
ENGENHARIA CIVIL;TUCURU?;CTUCU - CAMPUS UNIVERSITARIO DE TUCURUI;Presencial;GRAZIELLE TIGRE DE SOUZA
ENGENHARIA DE COMPUTACAO;TUCURU?;CTUCU - CAMPUS UNIVERSITARIO DE TUCURUI;Presencial;DANIEL DA CONCEICAO PINHEIRO
ENGENHARIA ELETRICA;TUCURU?;CTUCU - CAMPUS UNIVERSITARIO DE TUCURUI;Presencial;ANDRE FELIPE SOUZA DA CRUZ
ENGENHARIA MECANICA;NOVA IPIXUNA;CTUCU - CAMPUS UNIVERSITARIO DE TUCURUI;Presencial;WALBER ALEXANDRE DO NASCIMENTO
ENGENHARIA MECANICA;TUCURU?;CTUCU - CAMPUS UNIVERSITARIO DE TUCURUI;Presencial;WALBER ALEXANDRE DO NASCIMENTO
ENGENHARIA SANITARIA E AMBIENTAL;TUCURU?;CTUCU - CAMPUS UNIVERSITARIO DE TUCURUI;Presencial;VANESSA CONCEICAO DOS SANTOS
FISICA - TUCURUI;TUCURU?;CTUCU - CAMPUS UNIVERSITARIO DE TUCURUI;Presencial;EZEQUIEL DE ANDRADE BELO
TEATRO - PARFOR;CASTANHAL;ETDUFPA - ESCOLA DE TEATRO E DANCA;Presencial;
ARTES VISUAIS;BELÉM;ICA - INSTITUTO DE CIENCIAS DA ARTE;Presencial;LUIZAN PINHEIRO DA COSTA
ARTES VISUAIS - PARFOR;ALENQUER;ICA - INSTITUTO DE CIENCIAS DA ARTE;Presencial;IDANISE SANTANA AZEVEDO HAMOY
ARTES VISUAIS - PARFOR;ALMEIRIM;ICA - INSTITUTO DE CIENCIAS DA ARTE;Presencial;IDANISE SANTANA AZEVEDO HAMOY
ARTES VISUAIS - PARFOR;BARCARENA;ICA - INSTITUTO DE CIENCIAS DA ARTE;Presencial;IDANISE SANTANA AZEVEDO HAMOY
ARTES VISUAIS - PARFOR;BRAGAN?A;ICA - INSTITUTO DE CIENCIAS DA ARTE;Presencial;IDANISE SANTANA AZEVEDO HAMOY
ARTES VISUAIS - PARFOR;CAPANEMA;ICA - INSTITUTO DE CIENCIAS DA ARTE;Presencial;IDANISE SANTANA AZEVEDO HAMOY
ARTES VISUAIS - PARFOR;CASTANHAL;ICA - INSTITUTO DE CIENCIAS DA ARTE;Presencial;
ARTES VISUAIS - PARFOR;CONC?RDIA DO PAR?;ICA - INSTITUTO DE CIENCIAS DA ARTE;Presencial;IDANISE SANTANA AZEVEDO HAMOY
ARTES VISUAIS - PARFOR;ITAITUBA;ICA - INSTITUTO DE CIENCIAS DA ARTE;Presencial;IDANISE SANTANA AZEVEDO HAMOY
ARTES VISUAIS - PARFOR;MOJU;ICA - INSTITUTO DE CIENCIAS DA ARTE;Presencial;IDANISE SANTANA AZEVEDO HAMOY
ARTES VISUAIS - PARFOR;TAIL?NDIA;ICA - INSTITUTO DE CIENCIAS DA ARTE;Presencial;IDANISE SANTANA AZEVEDO HAMOY
ARTES VISUAIS - PARFOR;TRACUATEUA;ICA - INSTITUTO DE CIENCIAS DA ARTE;Presencial;IDANISE SANTANA AZEVEDO HAMOY
ARTES VISUAIS - PARFOR;TUCURU?;ICA - INSTITUTO DE CIENCIAS DA ARTE;Presencial;IDANISE SANTANA AZEVEDO HAMOY
ARTES VISUAIS - PARFOR - ABAETETUBA;ABAETETUBA;ICA - INSTITUTO DE CIENCIAS DA ARTE;Presencial;IDANISE SANTANA AZEVEDO HAMOY
ARTES VISUAIS - PARFOR - BAI?O;BAI?O;ICA - INSTITUTO DE CIENCIAS DA ARTE;Presencial;IDANISE SANTANA AZEVEDO HAMOY
ARTES VISUAIS - PARFOR - CAPIT?O PO?O;CAPIT?O PO?O;ICA - INSTITUTO DE CIENCIAS DA ARTE;Presencial;IDANISE SANTANA AZEVEDO HAMOY
ARTES VISUAIS - PARFOR - PLACAS;PLACAS;ICA - INSTITUTO DE CIENCIAS DA ARTE;Presencial;
ARTES VISUAIS - PARFOR - PORTO DE MOZ;PORTO DE MOZ;ICA - INSTITUTO DE CIENCIAS DA ARTE;Presencial;
ARTES VISUAIS - PARFOR - SANTAR?M;SANTAR?M;ICA - INSTITUTO DE CIENCIAS DA ARTE;Presencial;IDANISE SANTANA AZEVEDO HAMOY
CINEMA E AUDIOVISUAL;BELÉM;ICA - INSTITUTO DE CIENCIAS DA ARTE;Presencial;ANA CLAUDIA DA CRUZ MELO
CINEMA E AUDIOVISUAL - INTENSIVO;BELÉM;ICA - INSTITUTO DE CIENCIAS DA ARTE;Presencial;RICARDO HARADA ONO
DANCA;BELÉM;ICA - INSTITUTO DE CIENCIAS DA ARTE;Presencial;MARIA ANA AZEVEDO DE OLIVEIRA
DANCA - PARFOR;CAPANEMA;ICA - INSTITUTO DE CIENCIAS DA ARTE;Presencial;
DANCA - PARFOR;CASTANHAL;ICA - INSTITUTO DE CIENCIAS DA ARTE;Presencial;
DANCA - PARFOR;M?E DO RIO;ICA - INSTITUTO DE CIENCIAS DA ARTE;Presencial;
DANCA - PARFOR;MARAB?;ICA - INSTITUTO DE CIENCIAS DA ARTE;Presencial;
DANCA - PARFOR;MOJU;ICA - INSTITUTO DE CIENCIAS DA ARTE;Presencial;WALDETE BRITO SILVA DE FREITAS
DANCA - PARFOR;SANTAR?M;ICA - INSTITUTO DE CIENCIAS DA ARTE;Presencial;
DANCA - PARFOR;TUCURU?;ICA - INSTITUTO DE CIENCIAS DA ARTE;Presencial;
MUSEOLOGIA;BELÉM;ICA - INSTITUTO DE CIENCIAS DA ARTE;Presencial;LUIZ TADEU DA COSTA
MUSICA;BELÉM;ICA - INSTITUTO DE CIENCIAS DA ARTE;Presencial;JONATHAN GUIMARAES E MIRANDA
MUSICA;PONTA DE PEDRAS;ICA - INSTITUTO DE CIENCIAS DA ARTE;Presencial;CRISTINA MAMI OWTAKE
MUSICA - PARFOR;CAPANEMA;ICA - INSTITUTO DE CIENCIAS DA ARTE;Presencial;
MUSICA - PARFOR;CASTANHAL;ICA - INSTITUTO DE CIENCIAS DA ARTE;Presencial;
MUSICA - PARFOR;MARAB?;ICA - INSTITUTO DE CIENCIAS DA ARTE;Presencial;
MUSICA - PARFOR;MOJU;ICA - INSTITUTO DE CIENCIAS DA ARTE;Presencial;JONATHAN GUIMARAES E MIRANDA
MUSICA - PARFOR;?BIDOS;ICA - INSTITUTO DE CIENCIAS DA ARTE;Presencial;
MUSICA - PARFOR;ORIXIMIN?;ICA - INSTITUTO DE CIENCIAS DA ARTE;Presencial;
MUSICA - PARFOR;PORTEL;ICA - INSTITUTO DE CIENCIAS DA ARTE;Presencial;
PRODUCAO CENICA;BELÉM;ICA - INSTITUTO DE CIENCIAS DA ARTE;Presencial;LARISSA LATIF PLACIDO SARE
PRODUCAO MULTIMIDIA;BELÉM;ICA - INSTITUTO DE CIENCIAS DA ARTE;Presencial;SAMIA BATISTA E SILVA
TEATRO;BELÉM;ICA - INSTITUTO DE CIENCIAS DA ARTE;Presencial;EDSON FERNANDO SANTOS DA SILVA
TEATRO - PARFOR;BREVES;ICA - INSTITUTO DE CIENCIAS DA ARTE;Presencial;
TEATRO - PARFOR;CAMET?;ICA - INSTITUTO DE CIENCIAS DA ARTE;Presencial;
TEATRO - PARFOR;CAPANEMA;ICA - INSTITUTO DE CIENCIAS DA ARTE;Presencial;
TEATRO - PARFOR;GURUP?;ICA - INSTITUTO DE CIENCIAS DA ARTE;Presencial;
TEATRO - PARFOR;PONTA DE PEDRAS;ICA - INSTITUTO DE CIENCIAS DA ARTE;Presencial;
TEATRO - PARFOR;SANTAR?M;ICA - INSTITUTO DE CIENCIAS DA ARTE;Presencial;
BIOMEDICINA;BELÉM;ICB - INSTITUTO DE CIENCIAS BIOLOGICAS;Presencial;RENATA COELHO RODRIGUES NORONHA
BIOTECNOLOGIA;BELÉM;ICB - INSTITUTO DE CIENCIAS BIOLOGICAS;Presencial;SIMONE DE AVIZ CARDOSO
CIENCIAS BIOLOGICAS;BELÉM;ICB - INSTITUTO DE CIENCIAS BIOLOGICAS;Presencial;ROBERTA DE MELO VALENTE
CIENCIAS BIOLOGICAS;ORIXIMIN?;ICB - INSTITUTO DE CIENCIAS BIOLOGICAS;Presencial;
CIENCIAS BIOLOGICAS (EAD);BELÉM;ICB - INSTITUTO DE CIENCIAS BIOLOGICAS;A Dist?cia;JACKSON COSTA PINHEIRO
CIENCIAS BIOLOGICAS - PARFOR;BELÉM;ICB - INSTITUTO DE CIENCIAS BIOLOGICAS;Presencial;ROBERTA DE MELO VALENTE
CIENCIAS BIOLOGICAS - PARFOR;BREVES;ICB - INSTITUTO DE CIENCIAS BIOLOGICAS;Presencial;ROBERTA DE MELO VALENTE
CIENCIAS BIOLOGICAS - PARFOR;CAPANEMA;ICB - INSTITUTO DE CIENCIAS BIOLOGICAS;Presencial;ROBERTA DE MELO VALENTE
CIENCIAS BIOLOGICAS - PARFOR;CAPIT?O PO?O;ICB - INSTITUTO DE CIENCIAS BIOLOGICAS;Presencial;ROBERTA DE MELO VALENTE
CIENCIAS BIOLOGICAS - PARFOR;MARAB?;ICB - INSTITUTO DE CIENCIAS BIOLOGICAS;Presencial;ROBERTA DE MELO VALENTE
CIENCIAS BIOLOGICAS - PARFOR;S?O CAETANO DE ODIVELAS;ICB - INSTITUTO DE CIENCIAS BIOLOGICAS;Presencial;ROBERTA DE MELO VALENTE
CIENCIAS BIOLOGICAS - PARFOR;TUCURU?;ICB - INSTITUTO DE CIENCIAS BIOLOGICAS;Presencial;ROBERTA DE MELO VALENTE
ENGENHARIA DE BIOPROCESSOS;BELÉM;ICB - INSTITUTO DE CIENCIAS BIOLOGICAS;Presencial;SIMONE DE AVIZ CARDOSO
EDUCACAO FISICA;BELÉM;ICED - INSTITUTO DE CIENCIAS DA EDUCACAO;Presencial;FLAVIUS AUGUSTO PINTO CUNHA
ENSINO RELIGIOSO (LIC);BELÉM;ICED - INSTITUTO DE CIENCIAS DA EDUCACAO;Presencial;
PEDAGOGIA;BELÉM;ICED - INSTITUTO DE CIENCIAS DA EDUCACAO;Presencial;IZA HELENA TRAVASSOS FERRAZ DE ARAUJO
PEDAGOGIA - PARFOR;BELÉM;ICED - INSTITUTO DE CIENCIAS DA EDUCACAO;Presencial;WILLIAN LAZARETTI DA CONCEICAO
PEDAGOGIA - PARFOR;BENEVIDES;ICED - INSTITUTO DE CIENCIAS DA EDUCACAO;Presencial;MARIA LUDETANA ARAUJO
PEDAGOGIA - PARFOR;BRASIL NOVO;ICED - INSTITUTO DE CIENCIAS DA EDUCACAO;Presencial;
PEDAGOGIA - PARFOR;BUJARU;ICED - INSTITUTO DE CIENCIAS DA EDUCACAO;Presencial;
PEDAGOGIA - PARFOR;CACHOEIRA DO ARARI;ICED - INSTITUTO DE CIENCIAS DA EDUCACAO;Presencial;
PEDAGOGIA - PARFOR;DOM ELISEU;ICED - INSTITUTO DE CIENCIAS DA EDUCACAO;Presencial;
PEDAGOGIA - PARFOR;M?E DO RIO;ICED - INSTITUTO DE CIENCIAS DA EDUCACAO;Presencial;WILLIAN LAZARETTI DA CONCEICAO
PEDAGOGIA - PARFOR;MELGA?O;ICED - INSTITUTO DE CIENCIAS DA EDUCACAO;Presencial;
PEDAGOGIA - PARFOR;PACAJ?;ICED - INSTITUTO DE CIENCIAS DA EDUCACAO;Presencial;
PEDAGOGIA - PARFOR;PONTA DE PEDRAS;ICED - INSTITUTO DE CIENCIAS DA EDUCACAO;Presencial;
PEDAGOGIA - PARFOR;PORTEL;ICED - INSTITUTO DE CIENCIAS DA EDUCACAO;Presencial;
PEDAGOGIA - PARFOR;SALIN?POLIS;ICED - INSTITUTO DE CIENCIAS DA EDUCACAO;Presencial;
PEDAGOGIA - PARFOR;S?O CAETANO DE ODIVELAS;ICED - INSTITUTO DE CIENCIAS DA EDUCACAO;Presencial;
PEDAGOGIA - PARFOR;S?O F?LIX DO XINGU;ICED - INSTITUTO DE CIENCIAS DA EDUCACAO;Presencial;
PEDAGOGIA - PARFOR;S?O SEBASTI?O DA BOA VISTA;ICED - INSTITUTO DE CIENCIAS DA EDUCACAO;Presencial;
PEDAGOGIA - PARFOR;SOURE;ICED - INSTITUTO DE CIENCIAS DA EDUCACAO;Presencial;MARIA LUDETANA ARAUJO
PEDAGOGIA - PARFOR;TAIL?NDIA;ICED - INSTITUTO DE CIENCIAS DA EDUCACAO;Presencial;
PEDAGOGIA - PARFOR;TUCURU?;ICED - INSTITUTO DE CIENCIAS DA EDUCACAO;Presencial;MARIA LUDETANA ARAUJO
CIENCIA DA COMPUTACAO;BELÉM;ICEN - INSTITUTO DE CIENCIAS EXATAS E NATURAIS;Presencial;VICTOR HUGO SANTIAGO COSTA PINTO
CIENCIAS NATURAIS;BELÉM;ICEN - INSTITUTO DE CIENCIAS EXATAS E NATURAIS;Presencial;FRANCINEY CARVALHO PALHETA
CIENCIAS NATURAIS;CANA? DOS CARAJ?S;ICEN - INSTITUTO DE CIENCIAS EXATAS E NATURAIS;Presencial;
CIENCIAS NATURAIS;ORIXIMIN?;ICEN - INSTITUTO DE CIENCIAS EXATAS E NATURAIS;Presencial;
CIENCIAS NATURAIS;PARAUAPEBAS;ICEN - INSTITUTO DE CIENCIAS EXATAS E NATURAIS;Presencial;
CIENCIAS NATURAIS - INTENSIVO;BELÉM;ICEN - INSTITUTO DE CIENCIAS EXATAS E NATURAIS;Presencial;
CIENCIAS NATURAIS - PARFOR;ABAETETUBA;ICEN - INSTITUTO DE CIENCIAS EXATAS E NATURAIS;Presencial;WALDOMIRO GOMES PASCHOAL JUNIOR
CIENCIAS NATURAIS - PARFOR;BRAGAN?A;ICEN - INSTITUTO DE CIENCIAS EXATAS E NATURAIS;Presencial;
CIENCIAS NATURAIS - PARFOR;ITAITUBA;ICEN - INSTITUTO DE CIENCIAS EXATAS E NATURAIS;Presencial;
CIENCIAS NATURAIS - PARFOR;M?E DO RIO;ICEN - INSTITUTO DE CIENCIAS EXATAS E NATURAIS;Presencial;
CIENCIAS NATURAIS - PARFOR;PONTA DE PEDRAS;ICEN - INSTITUTO DE CIENCIAS EXATAS E NATURAIS;Presencial;
CIENCIAS NATURAIS - PARFOR;TAIL?NDIA;ICEN - INSTITUTO DE CIENCIAS EXATAS E NATURAIS;Presencial;
ESTATISTICA;BELÉM;ICEN - INSTITUTO DE CIENCIAS EXATAS E NATURAIS;Presencial;VINICIUS DUARTE LIMA
FISICA;BELÉM;ICEN - INSTITUTO DE CIENCIAS EXATAS E NATURAIS;Presencial;JOSE LUIZ MAGALHAES LOPES
FISICA (EAD);BELÉM;ICEN - INSTITUTO DE CIENCIAS EXATAS E NATURAIS;A Dist?cia;JOAO FURTADO DE SOUZA
FISICA - PARFOR;ALTAMIRA;ICEN - INSTITUTO DE CIENCIAS EXATAS E NATURAIS;Presencial;
FISICA - PARFOR;BELÉM;ICEN - INSTITUTO DE CIENCIAS EXATAS E NATURAIS;Presencial;JOSE LUIZ MAGALHAES LOPES
FISICA - PARFOR;BRAGAN?A;ICEN - INSTITUTO DE CIENCIAS EXATAS E NATURAIS;Presencial;
FISICA - PARFOR;BREVES;ICEN - INSTITUTO DE CIENCIAS EXATAS E NATURAIS;Presencial;
FISICA - PARFOR;CAMET?;ICEN - INSTITUTO DE CIENCIAS EXATAS E NATURAIS;Presencial;
FISICA - PARFOR;CASTANHAL;ICEN - INSTITUTO DE CIENCIAS EXATAS E NATURAIS;Presencial;
FISICA - PARFOR;MARAB?;ICEN - INSTITUTO DE CIENCIAS EXATAS E NATURAIS;Presencial;
FISICA - PARFOR;PARAUAPEBAS;ICEN - INSTITUTO DE CIENCIAS EXATAS E NATURAIS;Presencial;JOAO FURTADO DE SOUZA
MATEMATICA;BELÉM;ICEN - INSTITUTO DE CIENCIAS EXATAS E NATURAIS;Presencial;TANIA MADELEINE BEGAZO VALDIVIA
MATEMATICA;CANA? DOS CARAJ?S;ICEN - INSTITUTO DE CIENCIAS EXATAS E NATURAIS;Presencial;
MATEMATICA;ORIXIMIN?;ICEN - INSTITUTO DE CIENCIAS EXATAS E NATURAIS;Presencial;
MATEMATICA (EAD);BELÉM;ICEN - INSTITUTO DE CIENCIAS EXATAS E NATURAIS;A Dist?cia;IRENE CASTRO PEREIRA
MATEMATICA - INTENSIVO;BELÉM;ICEN - INSTITUTO DE CIENCIAS EXATAS E NATURAIS;Presencial;
MATEMATICA - INTENSIVO;MONTE ALEGRE;ICEN - INSTITUTO DE CIENCIAS EXATAS E NATURAIS;Presencial;
MATEMATICA - PARFOR;ABAETETUBA;ICEN - INSTITUTO DE CIENCIAS EXATAS E NATURAIS;Presencial;JUACI PICANCO DA SILVA
MATEMATICA - PARFOR;ACAR?;ICEN - INSTITUTO DE CIENCIAS EXATAS E NATURAIS;Presencial;JUACI PICANCO DA SILVA
MATEMATICA - PARFOR;ALMEIRIM;ICEN - INSTITUTO DE CIENCIAS EXATAS E NATURAIS;Presencial;JUACI PICANCO DA SILVA
MATEMATICA - PARFOR;ALTAMIRA;ICEN - INSTITUTO DE CIENCIAS EXATAS E NATURAIS;Presencial;JUACI PICANCO DA SILVA
MATEMATICA - PARFOR;ANAPU;ICEN - INSTITUTO DE CIENCIAS EXATAS E NATURAIS;Presencial;JUACI PICANCO DA SILVA
MATEMATICA - PARFOR;BARCARENA;ICEN - INSTITUTO DE CIENCIAS EXATAS E NATURAIS;Presencial;JUACI PICANCO DA SILVA
MATEMATICA - PARFOR;BELÉM;ICEN - INSTITUTO DE CIENCIAS EXATAS E NATURAIS;Presencial;JUACI PICANCO DA SILVA
MATEMATICA - PARFOR;BENEVIDES;ICEN - INSTITUTO DE CIENCIAS EXATAS E NATURAIS;Presencial;JUACI PICANCO DA SILVA
MATEMATICA - PARFOR;BRAGAN?A;ICEN - INSTITUTO DE CIENCIAS EXATAS E NATURAIS;Presencial;JUACI PICANCO DA SILVA
MATEMATICA - PARFOR;BREVES;ICEN - INSTITUTO DE CIENCIAS EXATAS E NATURAIS;Presencial;JUACI PICANCO DA SILVA
MATEMATICA - PARFOR;CAMET?;ICEN - INSTITUTO DE CIENCIAS EXATAS E NATURAIS;Presencial;JUACI PICANCO DA SILVA
MATEMATICA - PARFOR;CAPANEMA;ICEN - INSTITUTO DE CIENCIAS EXATAS E NATURAIS;Presencial;JUACI PICANCO DA SILVA
MATEMATICA - PARFOR;CAPIT?O PO?O;ICEN - INSTITUTO DE CIENCIAS EXATAS E NATURAIS;Presencial;JUACI PICANCO DA SILVA
MATEMATICA - PARFOR;CASTANHAL;ICEN - INSTITUTO DE CIENCIAS EXATAS E NATURAIS;Presencial;JUACI PICANCO DA SILVA
MATEMATICA - PARFOR;DOM ELISEU;ICEN - INSTITUTO DE CIENCIAS EXATAS E NATURAIS;Presencial;JUACI PICANCO DA SILVA
MATEMATICA - PARFOR;GOIAN?SIA DO PAR?;ICEN - INSTITUTO DE CIENCIAS EXATAS E NATURAIS;Presencial;JUACI PICANCO DA SILVA
MATEMATICA - PARFOR;IPIXUNA DO PAR?;ICEN - INSTITUTO DE CIENCIAS EXATAS E NATURAIS;Presencial;
MATEMATICA - PARFOR;ITAITUBA;ICEN - INSTITUTO DE CIENCIAS EXATAS E NATURAIS;Presencial;JUACI PICANCO DA SILVA
MATEMATICA - PARFOR;M?E DO RIO;ICEN - INSTITUTO DE CIENCIAS EXATAS E NATURAIS;Presencial;JUACI PICANCO DA SILVA
MATEMATICA - PARFOR;MARAB?;ICEN - INSTITUTO DE CIENCIAS EXATAS E NATURAIS;Presencial;JUACI PICANCO DA SILVA
MATEMATICA - PARFOR;MELGA?O;ICEN - INSTITUTO DE CIENCIAS EXATAS E NATURAIS;Presencial;JUACI PICANCO DA SILVA
MATEMATICA - PARFOR;NOVA ESPERAN?A DO PIRI?;ICEN - INSTITUTO DE CIENCIAS EXATAS E NATURAIS;Presencial;JUACI PICANCO DA SILVA
MATEMATICA - PARFOR;NOVO PROGRESSO;ICEN - INSTITUTO DE CIENCIAS EXATAS E NATURAIS;Presencial;JUACI PICANCO DA SILVA
MATEMATICA - PARFOR;NOVO REPARTIMENTO;ICEN - INSTITUTO DE CIENCIAS EXATAS E NATURAIS;Presencial;JUACI PICANCO DA SILVA
MATEMATICA - PARFOR;PACAJ?;ICEN - INSTITUTO DE CIENCIAS EXATAS E NATURAIS;Presencial;JUACI PICANCO DA SILVA
MATEMATICA - PARFOR;REDEN??O;ICEN - INSTITUTO DE CIENCIAS EXATAS E NATURAIS;Presencial;JUACI PICANCO DA SILVA
MATEMATICA - PARFOR;RUR?POLIS;ICEN - INSTITUTO DE CIENCIAS EXATAS E NATURAIS;Presencial;JUACI PICANCO DA SILVA
MATEMATICA - PARFOR;TAIL?NDIA;ICEN - INSTITUTO DE CIENCIAS EXATAS E NATURAIS;Presencial;JUACI PICANCO DA SILVA
MATEMATICA - PARFOR;TUCUM?;ICEN - INSTITUTO DE CIENCIAS EXATAS E NATURAIS;Presencial;JUACI PICANCO DA SILVA
MATEMATICA - PARFOR;URUAR?;ICEN - INSTITUTO DE CIENCIAS EXATAS E NATURAIS;Presencial;JUACI PICANCO DA SILVA
MATEMATICA - PARFOR - GURUP?;GURUP?;ICEN - INSTITUTO DE CIENCIAS EXATAS E NATURAIS;Presencial;
QUIMICA;BELÉM;ICEN - INSTITUTO DE CIENCIAS EXATAS E NATURAIS;Presencial;HERIBERTO RODRIGUES BITENCOURT
QUIMICA (EAD);BELÉM;ICEN - INSTITUTO DE CIENCIAS EXATAS E NATURAIS;A Dist?cia;HERIBERTO RODRIGUES BITENCOURT
QUIMICA INDUSTRIAL;BELÉM;ICEN - INSTITUTO DE CIENCIAS EXATAS E NATURAIS;Presencial;HERIBERTO RODRIGUES BITENCOURT
QUIMICA - PARFOR;ALTAMIRA;ICEN - INSTITUTO DE CIENCIAS EXATAS E NATURAIS;Presencial;HERIBERTO RODRIGUES BITENCOURT
QUIMICA - PARFOR;BELÉM;ICEN - INSTITUTO DE CIENCIAS EXATAS E NATURAIS;Presencial;HERIBERTO RODRIGUES BITENCOURT
QUIMICA - PARFOR;BREVES;ICEN - INSTITUTO DE CIENCIAS EXATAS E NATURAIS;Presencial;HERIBERTO RODRIGUES BITENCOURT
QUIMICA - PARFOR;CAMET?;ICEN - INSTITUTO DE CIENCIAS EXATAS E NATURAIS;Presencial;HERIBERTO RODRIGUES BITENCOURT
QUIMICA - PARFOR;TUCURU?;ICEN - INSTITUTO DE CIENCIAS EXATAS E NATURAIS;Presencial;HERIBERTO RODRIGUES BITENCOURT
SISTEMAS DE INFORMACAO;BELÉM;ICEN - INSTITUTO DE CIENCIAS EXATAS E NATURAIS;Presencial;REGINALDO CORDEIRO DOS SANTOS FILHO
SISTEMAS DE INFORMACAO;PARAUAPEBAS;ICEN - INSTITUTO DE CIENCIAS EXATAS E NATURAIS;Presencial;
SISTEMAS DE INFORMACAO;XINGUARA;ICEN - INSTITUTO DE CIENCIAS EXATAS E NATURAIS;Presencial;
TECNOLOGO EM PROCESSAMENTO DE DADOS;BELÉM;ICEN - INSTITUTO DE CIENCIAS EXATAS E NATURAIS;Presencial;
DIREITO;BELÉM;ICJ - INSTITUTO DE CIENCIAS JURIDICAS;Presencial;MARIA STELA CAMPOS DA SILVA
DIREITO;PARAGOMINAS;ICJ - INSTITUTO DE CIENCIAS JURIDICAS;Presencial;
DIREITO;PARAUAPEBAS;ICJ - INSTITUTO DE CIENCIAS JURIDICAS;Presencial;
MEDICINA;BELÉM;ICM - INSTITUTO DE CIENCIAS MEDICAS;Presencial;AURIMERY GOMES CHERMONT
ENFERMAGEM;BELÉM;ICS - INSTITUTO DE CIENCIAS DA SAUDE;Presencial;
ENFERMAGEM;BREVES;ICS - INSTITUTO DE CIENCIAS DA SAUDE;Presencial;
ENFERMAGEM;CAMET?;ICS - INSTITUTO DE CIENCIAS DA SAUDE;Presencial;
FARMACIA;BELÉM;ICS - INSTITUTO DE CIENCIAS DA SAUDE;Presencial;MARIA LUCIA SOUZA SIQUEIRA
FISIOTERAPIA;BELÉM;ICS - INSTITUTO DE CIENCIAS DA SAUDE;Presencial;OTAVIO AUGUSTO DE ARAUJO COSTA FOLHA
NUTRICAO;BELÉM;ICS - INSTITUTO DE CIENCIAS DA SAUDE;Presencial;PATRICIA MIRANDA MENDES
ODONTOLOGIA;BELÉM;ICS - INSTITUTO DE CIENCIAS DA SAUDE;Presencial;LILIANE SILVA DO NASCIMENTO
TERAPIA OCUPACIONAL;BELÉM;ICS - INSTITUTO DE CIENCIAS DA SAUDE;Presencial;OTAVIO AUGUSTO DE ARAUJO COSTA FOLHA
ADMINISTRACAO;AUGUSTO CORR?A;ICSA - INSTITUTO DE CIENCIAS SOCIAIS APLICADAS;Presencial;BENEDITA MARIA DINIZ DA SILVA
ADMINISTRACAO;BAGRE;ICSA - INSTITUTO DE CIENCIAS SOCIAIS APLICADAS;Presencial;BENEDITA MARIA DINIZ DA SILVA
ADMINISTRACAO;BELÉM;ICSA - INSTITUTO DE CIENCIAS SOCIAIS APLICADAS;Presencial;BENEDITA MARIA DINIZ DA SILVA
ADMINISTRACAO;PARAUAPEBAS;ICSA - INSTITUTO DE CIENCIAS SOCIAIS APLICADAS;Presencial;
ADMINISTRACAO;S?O JO?O DE PIRABAS;ICSA - INSTITUTO DE CIENCIAS SOCIAIS APLICADAS;Presencial;BENEDITA MARIA DINIZ DA SILVA
ADMINISTRACAO;VISEU;ICSA - INSTITUTO DE CIENCIAS SOCIAIS APLICADAS;Presencial;BENEDITA MARIA DINIZ DA SILVA
ADMINISTRACAO - INTENSIVO;BRAGAN?A;ICSA - INSTITUTO DE CIENCIAS SOCIAIS APLICADAS;Presencial;
ADMINISTRACAO - INTENSIVO;CASTANHAL;ICSA - INSTITUTO DE CIENCIAS SOCIAIS APLICADAS;Presencial;
ADMINISTRACAO PUBLICA (EAD);BELÉM;ICSA - INSTITUTO DE CIENCIAS SOCIAIS APLICADAS;A Dist?cia;BENEDITA MARIA DINIZ DA SILVA
ARQUIVOLOGIA;BELÉM;ICSA - INSTITUTO DE CIENCIAS SOCIAIS APLICADAS;Presencial;FERNANDO DE ASSIS RODRIGUES
BIBLIOTECONOMIA;BELÉM;ICSA - INSTITUTO DE CIENCIAS SOCIAIS APLICADAS;Presencial;
BIBLIOTECONOMIA (EAD);BELÉM;ICSA - INSTITUTO DE CIENCIAS SOCIAIS APLICADAS;A Dist?cia;TELMA SOCORRO SILVA SOBRINHO
CIENCIAS CONTABEIS;BELÉM;ICSA - INSTITUTO DE CIENCIAS SOCIAIS APLICADAS;Presencial;FRANCIVALDO DOS SANTOS ALBUQUERQUE
CIENCIAS CONTABEIS;PARAUAPEBAS;ICSA - INSTITUTO DE CIENCIAS SOCIAIS APLICADAS;Presencial;PEDRO BORGES JUNIOR
CIENCIAS CONTABEIS - INTENSIVO;CAPANEMA;ICSA - INSTITUTO DE CIENCIAS SOCIAIS APLICADAS;Presencial;FRANCIVALDO DOS SANTOS ALBUQUERQUE
CIENCIAS CONTABEIS - INTENSIVO;SOURE;ICSA - INSTITUTO DE CIENCIAS SOCIAIS APLICADAS;Presencial;PEDRO BORGES JUNIOR
ECONOMIA;BELÉM;ICSA - INSTITUTO DE CIENCIAS SOCIAIS APLICADAS;Presencial;LEANDRO MORAIS DE ALMEIDA
SERVICO SOCIAL;BELÉM;ICSA - INSTITUTO DE CIENCIAS SOCIAIS APLICADAS;Presencial;ELEN LUCIA MARCAL DE CARVALHO
SERVICO SOCIAL;CURU??;ICSA - INSTITUTO DE CIENCIAS SOCIAIS APLICADAS;Presencial;ELEN LUCIA MARCAL DE CARVALHO
SERVICO SOCIAL;GURUP?;ICSA - INSTITUTO DE CIENCIAS SOCIAIS APLICADAS;Presencial;ELEN LUCIA MARCAL DE CARVALHO
SERVICO SOCIAL;MOCAJUBA;ICSA - INSTITUTO DE CIENCIAS SOCIAIS APLICADAS;Presencial;ELEN LUCIA MARCAL DE CARVALHO
TURISMO;BELÉM;ICSA - INSTITUTO DE CIENCIAS SOCIAIS APLICADAS;Presencial;FABRICIO LEMOS DE SIQUEIRA MENDES
TURISMO;BRAGAN?A;ICSA - INSTITUTO DE CIENCIAS SOCIAIS APLICADAS;Presencial;FABRICIO LEMOS DE SIQUEIRA MENDES
TURISMO;BREVES;ICSA - INSTITUTO DE CIENCIAS SOCIAIS APLICADAS;Presencial;FABRICIO LEMOS DE SIQUEIRA MENDES
TURISMO;MOSQUEIRO;ICSA - INSTITUTO DE CIENCIAS SOCIAIS APLICADAS;Presencial;
TURISMO;PORTEL;ICSA - INSTITUTO DE CIENCIAS SOCIAIS APLICADAS;Presencial;
TURISMO;SALIN?POLIS;ICSA - INSTITUTO DE CIENCIAS SOCIAIS APLICADAS;Presencial;
TURISMO;TUCURU?;ICSA - INSTITUTO DE CIENCIAS SOCIAIS APLICADAS;Presencial;
CIENCIAS BIOLOGICAS;BRAGAN?A;IECOS - INSTITUTO DE ESTUDOS COSTEIROS - BRAGANCA;Presencial;ALDEMIR BRANCO DE OLIVEIRA FILHO
CIENCIAS NATURAIS;BRAGAN?A;IECOS - INSTITUTO DE ESTUDOS COSTEIROS - BRAGANCA;Presencial;PERICLES SENA DO REGO
CIENCIAS NATURAIS;CAPANEMA;IECOS - INSTITUTO DE ESTUDOS COSTEIROS - BRAGANCA;Presencial;PERICLES SENA DO REGO
CIENCIAS NATURAIS;SANTA LUZIA DO PAR?;IECOS - INSTITUTO DE ESTUDOS COSTEIROS - BRAGANCA;Presencial;PERICLES SENA DO REGO
CIENCIAS NATURAIS - INTENSIVO;BRAGAN?A;IECOS - INSTITUTO DE ESTUDOS COSTEIROS - BRAGANCA;Presencial;PERICLES SENA DO REGO
ENGENHARIA DE PESCA;BRAGAN?A;IECOS - INSTITUTO DE ESTUDOS COSTEIROS - BRAGANCA;Presencial;FRANCISCO CARLOS ALBERTO FONTELES HOLANDA
LICENCIATURA INTEGRADA EM CIENCIAS MATEMATICA E LINGUAGENS;MOCAJUBA;IEMCI - INSTITUTO DE EDUCACAO MATEMATICA E CIENTIFICA;Presencial;TALITA CARVALHO SILVA DE ALMEIDA
"LICENCIATURA INTEGRADA EM CIENCIAS, MATEMATICA E LINGUAGENS";BELÉM;IEMCI - INSTITUTO DE EDUCACAO MATEMATICA E CIENTIFICA;Presencial;TALITA CARVALHO SILVA DE ALMEIDA
"LICENCIATURA INTEGRADA EM CIENCIAS, MATEMATICA E LINGUAGENS";PONTA DE PEDRAS;IEMCI - INSTITUTO DE EDUCACAO MATEMATICA E CIENTIFICA;Presencial;
LICENCIATURA INTEGRADA EM CIENCIAS MATEMATICA E LINGUAGENS(EAD);BELÉM;IEMCI - INSTITUTO DE EDUCACAO MATEMATICA E CIENTIFICA;A Dist?cia;
"LICENCIATURA INTEGRADA EM CIENCIAS, MATEMATICA E LINGUAGENS - INTENSIVO";BRAGAN?A;IEMCI - INSTITUTO DE EDUCACAO MATEMATICA E CIENTIFICA;Presencial;TALITA CARVALHO SILVA DE ALMEIDA
"LICENCIATURA INTEGRADA EM CIENCIAS, MATEMATICA E LINGUAGENS - INTENSIVO";SOURE;IEMCI - INSTITUTO DE EDUCACAO MATEMATICA E CIENTIFICA;Presencial;TALITA CARVALHO SILVA DE ALMEIDA
"LICENCIATURA INTEGRADA EM CIENCIAS, MATEMATICA E LINGUAGENS - PARFOR";ABAETETUBA;IEMCI - INSTITUTO DE EDUCACAO MATEMATICA E CIENTIFICA;Presencial;
"LICENCIATURA INTEGRADA EM CIENCIAS, MATEMATICA E LINGUAGENS - PARFOR";BELÉM;IEMCI - INSTITUTO DE EDUCACAO MATEMATICA E CIENTIFICA;Presencial;
"LICENCIATURA INTEGRADA EM CIENCIAS, MATEMATICA E LINGUAGENS - PARFOR";BUJARU;IEMCI - INSTITUTO DE EDUCACAO MATEMATICA E CIENTIFICA;Presencial;
"LICENCIATURA INTEGRADA EM CIENCIAS, MATEMATICA E LINGUAGENS - PARFOR";PONTA DE PEDRAS;IEMCI - INSTITUTO DE EDUCACAO MATEMATICA E CIENTIFICA;Presencial;
CIENCIAS SOCIAIS;BELÉM;IFCH - INSTITUTO DE FILOSOFIA E CIENCIAS HUMANAS;Presencial;IZABELA DA SILVA JATENE
CIENCIAS SOCIAIS - PARFOR;BELÉM;IFCH - INSTITUTO DE FILOSOFIA E CIENCIAS HUMANAS;Presencial;
CIENCIAS SOCIAIS - PARFOR;BRAGAN?A;IFCH - INSTITUTO DE FILOSOFIA E CIENCIAS HUMANAS;Presencial;
CIENCIAS SOCIAIS - PARFOR;CAMET?;IFCH - INSTITUTO DE FILOSOFIA E CIENCIAS HUMANAS;Presencial;
CIENCIAS SOCIAIS - PARFOR;CAPANEMA;IFCH - INSTITUTO DE FILOSOFIA E CIENCIAS HUMANAS;Presencial;
CIENCIAS SOCIAIS - PARFOR;COLARES;IFCH - INSTITUTO DE FILOSOFIA E CIENCIAS HUMANAS;Presencial;
CIENCIAS SOCIAIS - PARFOR;GURUP?;IFCH - INSTITUTO DE FILOSOFIA E CIENCIAS HUMANAS;Presencial;
CIENCIAS SOCIAIS - PARFOR;M?E DO RIO;IFCH - INSTITUTO DE FILOSOFIA E CIENCIAS HUMANAS;Presencial;
CIENCIAS SOCIAIS - PARFOR;MARAB?;IFCH - INSTITUTO DE FILOSOFIA E CIENCIAS HUMANAS;Presencial;
CIENCIAS SOCIAIS - PARFOR;NOVO REPARTIMENTO;IFCH - INSTITUTO DE FILOSOFIA E CIENCIAS HUMANAS;Presencial;
CIENCIAS SOCIAIS - PARFOR;PACAJ?;IFCH - INSTITUTO DE FILOSOFIA E CIENCIAS HUMANAS;Presencial;
CIENCIAS SOCIAIS - PARFOR;SANTAR?M;IFCH - INSTITUTO DE FILOSOFIA E CIENCIAS HUMANAS;Presencial;
CIENCIAS SOCIAIS - PARFOR;SOURE;IFCH - INSTITUTO DE FILOSOFIA E CIENCIAS HUMANAS;Presencial;
CIENCIAS SOCIAIS - PARFOR;TUCURU?;IFCH - INSTITUTO DE FILOSOFIA E CIENCIAS HUMANAS;Presencial;
FILOSOFIA;BELÉM;IFCH - INSTITUTO DE FILOSOFIA E CIENCIAS HUMANAS;Presencial;DAMIAO BEZERRA OLIVEIRA
FILOSOFIA;PARAUAPEBAS;IFCH - INSTITUTO DE FILOSOFIA E CIENCIAS HUMANAS;Presencial;
FILOSOFIA - PARFOR;BELÉM;IFCH - INSTITUTO DE FILOSOFIA E CIENCIAS HUMANAS;Presencial;LUIS EDUARDO RAMOS DE SOUZA
FILOSOFIA - PARFOR;BRAGAN?A;IFCH - INSTITUTO DE FILOSOFIA E CIENCIAS HUMANAS;Presencial;LUIS EDUARDO RAMOS DE SOUZA
FILOSOFIA - PARFOR;CAMET?;IFCH - INSTITUTO DE FILOSOFIA E CIENCIAS HUMANAS;Presencial;LUIS EDUARDO RAMOS DE SOUZA
FILOSOFIA - PARFOR;SANTAR?M;IFCH - INSTITUTO DE FILOSOFIA E CIENCIAS HUMANAS;Presencial;LUIS EDUARDO RAMOS DE SOUZA
FILOSOFIA - PARFOR;TUCURU?;IFCH - INSTITUTO DE FILOSOFIA E CIENCIAS HUMANAS;Presencial;LUIS EDUARDO RAMOS DE SOUZA
GEOGRAFIA;BELÉM;IFCH - INSTITUTO DE FILOSOFIA E CIENCIAS HUMANAS;Presencial;ALAN NUNES ARAUJO
GEOGRAFIA;JURUTI;IFCH - INSTITUTO DE FILOSOFIA E CIENCIAS HUMANAS;Presencial;
GEOGRAFIA;PARAUAPEBAS;IFCH - INSTITUTO DE FILOSOFIA E CIENCIAS HUMANAS;Presencial;
GEOGRAFIA - INTENSIVO;BELÉM;IFCH - INSTITUTO DE FILOSOFIA E CIENCIAS HUMANAS;Presencial;
GEOGRAFIA - PARFOR;ABAETETUBA;IFCH - INSTITUTO DE FILOSOFIA E CIENCIAS HUMANAS;Presencial;ALAN NUNES ARAUJO
GEOGRAFIA - PARFOR;ALTAMIRA;IFCH - INSTITUTO DE FILOSOFIA E CIENCIAS HUMANAS;Presencial;BENEDITA ALCIDEMA COELHO DOS SANTOS MAGALHAES
GEOGRAFIA - PARFOR;BAGRE;IFCH - INSTITUTO DE FILOSOFIA E CIENCIAS HUMANAS;Presencial;ALAN NUNES ARAUJO
GEOGRAFIA - PARFOR;BAI?O;IFCH - INSTITUTO DE FILOSOFIA E CIENCIAS HUMANAS;Presencial;ALAN NUNES ARAUJO
GEOGRAFIA - PARFOR;BELÉM;IFCH - INSTITUTO DE FILOSOFIA E CIENCIAS HUMANAS;Presencial;ALAN NUNES ARAUJO
GEOGRAFIA - PARFOR;BREVES;IFCH - INSTITUTO DE FILOSOFIA E CIENCIAS HUMANAS;Presencial;ALAN NUNES ARAUJO
GEOGRAFIA - PARFOR;BUJARU;IFCH - INSTITUTO DE FILOSOFIA E CIENCIAS HUMANAS;Presencial;ALAN NUNES ARAUJO
GEOGRAFIA - PARFOR;CASTANHAL;IFCH - INSTITUTO DE FILOSOFIA E CIENCIAS HUMANAS;Presencial;ALAN NUNES ARAUJO
GEOGRAFIA - PARFOR;IPIXUNA DO PAR?;IFCH - INSTITUTO DE FILOSOFIA E CIENCIAS HUMANAS;Presencial;ALAN NUNES ARAUJO
GEOGRAFIA - PARFOR;MARAB?;IFCH - INSTITUTO DE FILOSOFIA E CIENCIAS HUMANAS;Presencial;ALAN NUNES ARAUJO
GEOGRAFIA - PARFOR;NOVA ESPERAN?A DO PIRI?;IFCH - INSTITUTO DE FILOSOFIA E CIENCIAS HUMANAS;Presencial;ALAN NUNES ARAUJO
GEOGRAFIA - PARFOR;TOM?-A??;IFCH - INSTITUTO DE FILOSOFIA E CIENCIAS HUMANAS;Presencial;ALAN NUNES ARAUJO
GEOGRAFIA - PARFOR;TUCURU?;IFCH - INSTITUTO DE FILOSOFIA E CIENCIAS HUMANAS;Presencial;ALAN NUNES ARAUJO
HISTORIA;MOSQUEIRO;IFCH - INSTITUTO DE FILOSOFIA E CIENCIAS HUMANAS;Presencial;ANTONIO MAURICIO DIAS DA COSTA
HISTORIA BACHARELADO;BELÉM;IFCH - INSTITUTO DE FILOSOFIA E CIENCIAS HUMANAS;Presencial;ANTONIO MAURICIO DIAS DA COSTA
HISTORIA - CURRALINHO;CURRALINHO;IFCH - INSTITUTO DE FILOSOFIA E CIENCIAS HUMANAS;Presencial;ANTONIO MAURICIO DIAS DA COSTA
HISTORIA - INTENSIVO;BELÉM;IFCH - INSTITUTO DE FILOSOFIA E CIENCIAS HUMANAS;Presencial;
HISTORIA LICENCIATURA;BELÉM;IFCH - INSTITUTO DE FILOSOFIA E CIENCIAS HUMANAS;Presencial;ANTONIO MAURICIO DIAS DA COSTA
HISTORIA - PARFOR;ABAETETUBA;IFCH - INSTITUTO DE FILOSOFIA E CIENCIAS HUMANAS;Presencial;
HISTORIA - PARFOR;ALTAMIRA;IFCH - INSTITUTO DE FILOSOFIA E CIENCIAS HUMANAS;Presencial;
HISTORIA - PARFOR;BELÉM;IFCH - INSTITUTO DE FILOSOFIA E CIENCIAS HUMANAS;Presencial;FERNANDO ARTHUR DE FREITAS NEVES
HISTORIA - PARFOR;BRAGAN?A;IFCH - INSTITUTO DE FILOSOFIA E CIENCIAS HUMANAS;Presencial;
HISTORIA - PARFOR;BREVES;IFCH - INSTITUTO DE FILOSOFIA E CIENCIAS HUMANAS;Presencial;
HISTORIA - PARFOR;CAMET?;IFCH - INSTITUTO DE FILOSOFIA E CIENCIAS HUMANAS;Presencial;ANTONIO MAURICIO DIAS DA COSTA
HISTORIA - PARFOR;CAPIT?O PO?O;IFCH - INSTITUTO DE FILOSOFIA E CIENCIAS HUMANAS;Presencial;ANTONIO MAURICIO DIAS DA COSTA
HISTORIA - PARFOR;CASTANHAL;IFCH - INSTITUTO DE FILOSOFIA E CIENCIAS HUMANAS;Presencial;ANTONIO MAURICIO DIAS DA COSTA
HISTORIA - PARFOR;MARAB?;IFCH - INSTITUTO DE FILOSOFIA E CIENCIAS HUMANAS;Presencial;
HISTORIA - PARFOR;NOVA ESPERAN?A DO PIRI?;IFCH - INSTITUTO DE FILOSOFIA E CIENCIAS HUMANAS;Presencial;
HISTORIA - PARFOR;PACAJ?;IFCH - INSTITUTO DE FILOSOFIA E CIENCIAS HUMANAS;Presencial;ANTONIO MAURICIO DIAS DA COSTA
HISTORIA - PARFOR;PARAUAPEBAS;IFCH - INSTITUTO DE FILOSOFIA E CIENCIAS HUMANAS;Presencial;ANTONIO MAURICIO DIAS DA COSTA
HISTORIA - PARFOR;PORTEL;IFCH - INSTITUTO DE FILOSOFIA E CIENCIAS HUMANAS;Presencial;ANTONIO MAURICIO DIAS DA COSTA
HISTORIA - PARFOR;S?O SEBASTI?O DA BOA VISTA;IFCH - INSTITUTO DE FILOSOFIA E CIENCIAS HUMANAS;Presencial;ANTONIO MAURICIO DIAS DA COSTA
HISTORIA - PARFOR;TUCURU?;IFCH - INSTITUTO DE FILOSOFIA E CIENCIAS HUMANAS;Presencial;
PSICOLOGIA;BELÉM;IFCH - INSTITUTO DE FILOSOFIA E CIENCIAS HUMANAS;Presencial;FABIANA PEREIRA SABINO DE OLIVEIRA
GEOFISICA;BELÉM;IG - INSTITUTO DE GEOCIENCIAS;Presencial;VICTOR CEZAR TOCANTINS DE SOUZA
GEOLOGIA;BELÉM;IG - INSTITUTO DE GEOCIENCIAS;Presencial;CLAUDIO NERY LAMARAO
METEOROLOGIA;BELÉM;IG - INSTITUTO DE GEOCIENCIAS;Presencial;PAULO AFONSO FISCHER KUHN
OCEANOGRAFIA;BELÉM;IG - INSTITUTO DE GEOCIENCIAS;Presencial;MAAMAR EL ROBRINI
COMUNICACAO SOCIAL - JORNALISMO;BELÉM;ILC - INSTITUTO DE LETRAS E COMUNICACAO;Presencial;KELLY KALYNKA DAMASCENO CRUZ
COMUNICACAO SOCIAL - PUBLICIDADE E PROPAGANDA;BELÉM;ILC - INSTITUTO DE LETRAS E COMUNICACAO;Presencial;KELLY KALYNKA DAMASCENO CRUZ
LETRAS - ALEMAO;BELÉM;ILC - INSTITUTO DE LETRAS E COMUNICACAO;Presencial;EZILDA MACIEL DA SILVA
LETRAS - ESPANHOL;BELÉM;ILC - INSTITUTO DE LETRAS E COMUNICACAO;Presencial;EZILDA MACIEL DA SILVA
LETRAS - ESPANHOL - PARFOR;ABAETETUBA;ILC - INSTITUTO DE LETRAS E COMUNICACAO;Presencial;
LETRAS - ESPANHOL - PARFOR;BARCARENA;ILC - INSTITUTO DE LETRAS E COMUNICACAO;Presencial;
LETRAS - ESPANHOL - PARFOR;BELÉM;ILC - INSTITUTO DE LETRAS E COMUNICACAO;Presencial;
LETRAS - ESPANHOL - PARFOR;BREVES;ILC - INSTITUTO DE LETRAS E COMUNICACAO;Presencial;
LETRAS - ESPANHOL - PARFOR;CAMET?;ILC - INSTITUTO DE LETRAS E COMUNICACAO;Presencial;LUIS DE NAZARE VIANA VALENTE
LETRAS - ESPANHOL - PARFOR;CASTANHAL;ILC - INSTITUTO DE LETRAS E COMUNICACAO;Presencial;
LETRAS - ESPANHOL - PARFOR;JACUND?;ILC - INSTITUTO DE LETRAS E COMUNICACAO;Presencial;
LETRAS - ESPANHOL - PARFOR;SANTAR?M;ILC - INSTITUTO DE LETRAS E COMUNICACAO;Presencial;
LETRAS - FRANCES;BELÉM;ILC - INSTITUTO DE LETRAS E COMUNICACAO;Presencial;EZILDA MACIEL DA SILVA
LETRAS - INGLES;BELÉM;ILC - INSTITUTO DE LETRAS E COMUNICACAO;Presencial;EZILDA MACIEL DA SILVA
LETRAS - INGLES - PARFOR;ABAETETUBA;ILC - INSTITUTO DE LETRAS E COMUNICACAO;Presencial;
LETRAS - INGLES - PARFOR;BELÉM;ILC - INSTITUTO DE LETRAS E COMUNICACAO;Presencial;
LETRAS - INGLES - PARFOR;BRAGAN?A;ILC - INSTITUTO DE LETRAS E COMUNICACAO;Presencial;
LETRAS - INGLES - PARFOR;BREVES;ILC - INSTITUTO DE LETRAS E COMUNICACAO;Presencial;
LETRAS - INGLES - PARFOR;CAMET?;ILC - INSTITUTO DE LETRAS E COMUNICACAO;Presencial;
LETRAS - INGLES - PARFOR;CASTANHAL;ILC - INSTITUTO DE LETRAS E COMUNICACAO;Presencial;
LETRAS - INGLES - PARFOR;ITAITUBA;ILC - INSTITUTO DE LETRAS E COMUNICACAO;Presencial;
LETRAS - INGLES - PARFOR;M?E DO RIO;ILC - INSTITUTO DE LETRAS E COMUNICACAO;Presencial;
LETRAS - INGLES - PARFOR;MARAB?;ILC - INSTITUTO DE LETRAS E COMUNICACAO;Presencial;
LETRAS - INGLES - PARFOR;MEDICIL?NDIA;ILC - INSTITUTO DE LETRAS E COMUNICACAO;Presencial;
LETRAS - INGLES - PARFOR;PARAUAPEBAS;ILC - INSTITUTO DE LETRAS E COMUNICACAO;Presencial;
LETRAS - INGLES - PARFOR;TAIL?NDIA;ILC - INSTITUTO DE LETRAS E COMUNICACAO;Presencial;
LETRAS - INGLES - PARFOR;TUCURU?;ILC - INSTITUTO DE LETRAS E COMUNICACAO;Presencial;
LETRAS - LIBRAS - INTENSIVO;BELÉM;ILC - INSTITUTO DE LETRAS E COMUNICACAO;Presencial;MARIA LIZETE SAMPAIO SOBRAL
LETRAS - LIBRAS - INTENSIVO;SOURE;ILC - INSTITUTO DE LETRAS E COMUNICACAO;Presencial;EZILDA MACIEL DA SILVA
LETRAS - LIBRAS - PARFOR - GURUPA;GURUP?;ILC - INSTITUTO DE LETRAS E COMUNICACAO;Presencial;WALDEMAR DOS SANTOS CARDOSO JUNIOR
LETRAS - LIBRAS - PARFOR - JACUND?;JACUND?;ILC - INSTITUTO DE LETRAS E COMUNICACAO;Presencial;
LETRAS - LIBRAS - PARFOR - PACAJ?;PACAJ?;ILC - INSTITUTO DE LETRAS E COMUNICACAO;Presencial;
LETRAS - LINGUA PORTUGUESA;BELÉM;ILC - INSTITUTO DE LETRAS E COMUNICACAO;Presencial;REGINA CELIA FERNANDES CRUZ
LETRAS - LINGUA PORTUGUESA - PARFOR;BELÉM;ILC - INSTITUTO DE LETRAS E COMUNICACAO;Presencial;
LETRAS - PORTUGUES/EAD;BELÉM;ILC - INSTITUTO DE LETRAS E COMUNICACAO;A Dist?cia;EUNICE BRAGA PEREIRA
LETRAS - PORTUGUES - PARFOR;ABAETETUBA;ILC - INSTITUTO DE LETRAS E COMUNICACAO;Presencial;
LETRAS - PORTUGUES - PARFOR;ALTAMIRA;ILC - INSTITUTO DE LETRAS E COMUNICACAO;Presencial;
LETRAS - PORTUGUES - PARFOR;BAGRE;ILC - INSTITUTO DE LETRAS E COMUNICACAO;Presencial;
LETRAS - PORTUGUES - PARFOR;BENEVIDES;ILC - INSTITUTO DE LETRAS E COMUNICACAO;Presencial;
LETRAS - PORTUGUES - PARFOR;CONC?RDIA DO PAR?;ILC - INSTITUTO DE LETRAS E COMUNICACAO;Presencial;
LETRAS - PORTUGUES - PARFOR;DOM ELISEU;ILC - INSTITUTO DE LETRAS E COMUNICACAO;Presencial;
LETRAS - PORTUGUES - PARFOR;GOIAN?SIA DO PAR?;ILC - INSTITUTO DE LETRAS E COMUNICACAO;Presencial;
LETRAS - PORTUGUES - PARFOR;MARAB?;ILC - INSTITUTO DE LETRAS E COMUNICACAO;Presencial;
LETRAS - PORTUGUES - PARFOR;PORTO DE MOZ;ILC - INSTITUTO DE LETRAS E COMUNICACAO;Presencial;MARILIA FERNANDA PEREIRA DE FREITAS
LETRAS - PORTUGUES - PARFOR;REDEN??O;ILC - INSTITUTO DE LETRAS E COMUNICACAO;Presencial;
LETRAS - PORTUGUES - PARFOR;TUCURU?;ILC - INSTITUTO DE LETRAS E COMUNICACAO;Presencial;
LETRAS - PORTUGUES - PARFOR - MARACAN?;MARACAN?;ILC - INSTITUTO DE LETRAS E COMUNICACAO;Presencial;
MEDICINA VETERINARIA;CASTANHAL;IMV - INSTITUTO DE MEDICINA VETERINARIA;Presencial;TALITA BANDEIRA ROOS
DESENVOLVIMENTO RURAL;BELÉM;INEAF - INSTITUTO AMAZONICO DE AGRICULTURAS FAMILIARES;Presencial;PHILIPPE JEAN LOUIS SABLAYROLLES
ARQUITETURA E URBANISMO;BELÉM;ITEC - INSTITUTO DE TECNOLOGIA;Presencial;ROBERTA MENEZES RODRIGUES
CONSERVACAO E RESTAURO;BELÉM;ITEC - INSTITUTO DE TECNOLOGIA;Presencial;ROSEANE DA CONCEICAO COSTA NORAT
ENGENHARIA BIOMEDICA;BELÉM;ITEC - INSTITUTO DE TECNOLOGIA;Presencial;MARIA DA CONCEICAO PEREIRA FONSECA
ENGENHARIA CIVIL;BARCARENA;ITEC - INSTITUTO DE TECNOLOGIA;Presencial;MAURICIO DE PINA FERREIRA
ENGENHARIA CIVIL;BELÉM;ITEC - INSTITUTO DE TECNOLOGIA;Presencial;MAURICIO DE PINA FERREIRA
ENGENHARIA CIVIL;PARAUAPEBAS;ITEC - INSTITUTO DE TECNOLOGIA;Presencial;
ENGENHARIA DA COMPUTACAO;BELÉM;ITEC - INSTITUTO DE TECNOLOGIA;Presencial;ILAN SOUSA CORREA
ENGENHARIA DE ALIMENTOS;BELÉM;ITEC - INSTITUTO DE TECNOLOGIA;Presencial;EDER AUGUSTO FURTADO ARAUJO
ENGENHARIA DE TELECOMUNICACOES;BELÉM;ITEC - INSTITUTO DE TECNOLOGIA;Presencial;ILAN SOUSA CORREA
ENGENHARIA ELETRICA;BELÉM;ITEC - INSTITUTO DE TECNOLOGIA;Presencial;CARMINDA CELIA MOURA DE MOURA CARVALHO
ENGENHARIA FERROVIARIA E LOGISTICA;BELÉM;ITEC - INSTITUTO DE TECNOLOGIA;Presencial;ROBERTO SERRA PACHA
ENGENHARIA MECANICA;BELÉM;ITEC - INSTITUTO DE TECNOLOGIA;Presencial;MARIA DE FATIMA MENDES LEAL
ENGENHARIA MECANICA;PARAUAPEBAS;ITEC - INSTITUTO DE TECNOLOGIA;Presencial;
ENGENHARIA NAVAL;BELÉM;ITEC - INSTITUTO DE TECNOLOGIA;Presencial;
ENGENHARIA QUIMICA;BELÉM;ITEC - INSTITUTO DE TECNOLOGIA;Presencial;SIL FRANCILEY DOS SANTOS QUARESMA
ENGENHARIA SANITARIA E AMBIENTAL;BELÉM;ITEC - INSTITUTO DE TECNOLOGIA;Presencial;KATIUCIA NASCIMENTO ADAM
NAEA-NUCLEO DE ALTOS ESTUDOS AMAZONICOS;BELÉM;NAEA - NUCLEO DE ALTOS ESTUDOS AMAZONICOS;Presencial;
NDAE - NUCLEO DE DESENVOLVIMENTO AMAZ?NICO ENGENHARIA;TUCURU?;NDAE - NUCLEO DE DESENVOLVIMENTO AMAZ?NICO EM ENGENHARIA;Presencial;AARAO FERREIRA LIMA NETO
NEAP - NUCLEO DE ECOLOGIA AQUATICA E PESCA DA AMAZONIA;BELÉM;NEAP - NUCLEO DE ECOLOGIA AQUATICA E PESCA DA AMAZONIA;Presencial;BIANCA BENTES DA SILVA
NEB -NUCLEO DE ESTUDOS TRANSDISCIPLINARES;BELÉM;NEB - NUCLEO DE ESTUDOS TRANSDISCIPLINARES EM EDUCACAO BASICA;Presencial;
NITAE - NUCLEO DE INOVACAO E TECNOLOGIAS APLICADAS A ENSINO E EXTENSAO;BELÉM;NITAE - NUCLEO DE INOVACAO E TECNOLOGIAS APLICADAS A ENSINO E EXTENSAO;Presencial;MARIA ATAIDE MALCHER
NMT - NUCLEO DE MEDIDINA TROPICAL;BELÉM;NMT - NUCLEO DE MEDICINA TROPICAL;Presencial;EDNA AOBA YASSUI ISHIKAWA
NUMA - NUCLEO DE MEIO AMBIENTE;BELÉM;NUMA - NUCLEO DE MEIO AMBIENTE;Presencial;
